c,p,vb,debt,debt_diff,abs_debt_diff,debt_per_diff,abs_debt_per_diff,count,time
4.0,4.943669366936694,70.55964352759769,177.1989842636433,127.76229059427635,127.76229059427635,2.5843615563927416,2.5843615563927416,1,95204546
4.0,4.943669366936694,71.29722522449,176.56902545151044,127.1323317821435,127.1323317821435,2.571618818855599,2.571618818855599,1,95204546
4.0,4.943669366936694,72.03480692138233,175.89576227821556,126.45906860884861,126.45906860884861,2.5580001254656715,2.5580001254656715,1,95204546
4.0,4.943669366936694,72.77238861827465,175.20406203702754,125.7673683676606,125.7673683676606,2.544008489095041,2.544008489095041,1,95204546
4.0,4.943669366936694,73.50997031516698,174.46668397848723,125.02999030912028,125.02999030912028,2.529092886860962,2.529092886860962,1,95204546
4.0,4.943669366936694,74.2475520120593,173.62711501489665,124.1904213455297,124.1904213455297,2.5121101782436415,2.5121101782436415,1,95204546
4.0,4.943669366936694,74.98513370895162,172.64491531127277,123.20822164190582,123.20822164190582,2.492242350710659,2.492242350710659,1,95204546
4.0,4.943669366936694,75.72271540584394,171.51668593918063,122.07999226981369,122.07999226981369,2.469420651111617,2.469420651111617,1,95204546
4.0,4.943669366936694,76.46029710273626,170.27338692529145,120.8366932559245,120.8366932559245,2.4442713354594745,2.4442713354594745,1,95204546
4.0,4.943669366936694,77.1978787996286,168.959341958338,119.52264828897106,119.52264828897106,2.4176909784529608,2.4176909784529608,1,95204546
4.0,4.943669366936694,77.93546049652092,167.58715282854857,118.15045915918162,118.15045915918162,2.3899344877182314,2.3899344877182314,1,95204546
4.0,4.943669366936694,78.67304219341324,166.1191596788259,116.68246600945895,116.68246600945895,2.360240083809656,2.360240083809656,1,95204546
4.0,4.943669366936694,79.41062389030556,164.49858865698496,115.06189498761802,115.06189498761802,2.3274593514920925,2.3274593514920925,1,95204546
4.0,4.943669366936694,80.14820558719788,162.6903219308844,113.25362826151746,113.25362826151746,2.290881931121016,2.290881931121016,1,95204546
4.0,4.943669366936694,80.88578728409021,160.69506674156446,111.25837307219751,111.25837307219751,2.2505221286903714,2.2505221286903714,1,95204546
4.0,4.943669366936694,81.62336898098253,158.54713821144648,109.11044454207953,109.11044454207953,2.207074066720788,2.207074066720788,1,95204546
4.0,4.943669366936694,82.36095067787485,156.2983879222474,106.86169425288045,106.86169425288045,2.1615865933019798,2.1615865933019798,1,95204546
4.0,4.943669366936694,83.09853237476717,153.97824350255536,104.54154983318841,104.54154983318841,2.114654967267092,2.114654967267092,1,95204546
4.0,4.943669366936694,83.8361140716595,151.566948997123,102.13025532775606,102.13025532775606,2.0658795673271384,2.0658795673271384,1,95204546
4.0,4.943669366936694,84.57369576855183,149.01225444918202,99.57556077981508,99.57556077981508,2.0142034871056977,2.0142034871056977,1,95204546
4.0,4.943669366936694,85.31127746544415,146.26548185274825,96.8287881833813,96.8287881833813,1.9586420732537884,1.9586420732537884,1,95204546
4.0,4.943669366936694,86.04885916233647,143.28154267253743,93.84484900317048,93.84484900317048,1.8982832798407936,1.8982832798407936,1,95204546
4.0,4.943669366936694,86.78644085922879,140.17454127808065,90.73784760871371,90.73784760871371,1.8354351974986283,1.8354351974986283,1,95204546
4.0,4.943669366936694,87.52402255612111,145.73212673526916,96.29543306590222,96.29543306590222,1.9478534246227497,1.9478534246227497,1,95204546
4.0,4.943669366936694,88.26160425301343,131.90849975958835,82.4718060902214,82.4718060902214,1.668230619179219,1.668230619179219,1,95204546
4.0,4.943669366936694,88.99918594990575,130.37795277366735,80.9412591043004,80.9412591043004,1.637270883154854,1.637270883154854,1,95204546
4.0,4.943669366936694,89.73676764679809,126.9842127854439,77.54751911607696,77.54751911607696,1.5686226840879665,1.5686226840879665,1,95204546
4.0,4.943669366936694,90.4743493436904,123.4900936491946,74.05339997982766,74.05339997982766,1.4979440266595794,1.4979440266595794,1,95204546
4.0,4.943669366936694,91.21193104058273,119.80578205511715,70.3690883857502,70.3690883857502,1.4234181771212149,1.4234181771212149,1,95204546
4.0,5.057112290176387,70.96664772043627,178.18885050241747,127.6177276006536,127.6177276006536,2.5235296405926237,2.5235296405926237,1,80129427
4.0,5.057112290176387,71.68969355329864,177.5548050133061,126.98368211154222,126.98368211154222,2.510991942144776,2.510991942144776,1,80129427
4.0,5.057112290176387,72.41273938616102,176.8873039597033,126.31618105793943,126.31618105793943,2.4977926889880004,2.4977926889880004,1,80129427
4.0,5.057112290176387,73.13578521902339,176.19153439882663,125.62041149706276,125.62041149706276,2.4840344506702903,2.4840344506702903,1,80129427
4.0,5.057112290176387,73.85883105188576,175.43897540156618,124.86785249980231,124.86785249980231,2.469153250608304,2.469153250608304,1,80129427
4.0,5.057112290176387,74.58187688474814,174.57955334540497,124.0084304436411,124.0084304436411,2.452158926439733,2.452158926439733,1,80129427
4.0,5.057112290176387,75.30492271761051,173.58056114834397,123.0094382465801,123.0094382465801,2.4324047240463718,2.4324047240463718,1,80129427
4.0,5.057112290176387,76.02796855047288,172.44367865673092,121.87255575496705,121.87255575496705,2.4099238609296583,2.4099238609296583,1,80129427
4.0,5.057112290176387,76.75101438333526,171.19940777114542,120.62828486938155,120.62828486938155,2.385319485661928,2.385319485661928,1,80129427
4.0,5.057112290176387,77.47406021619764,169.88593552653015,119.31481262476628,119.31481262476628,2.3593467136677857,2.3593467136677857,1,80129427
4.0,5.057112290176387,78.19710604906001,168.50653022487288,117.935407323109,117.935407323109,2.3320701727782978,2.3320701727782978,1,80129427
4.0,5.057112290176387,78.92015188192238,167.02868415031438,116.4575612485505,116.4575612485505,2.3028470511673884,2.3028470511673884,1,80129427
4.0,5.057112290176387,79.64319771478475,165.39969895125617,114.8285760494923,114.8285760494923,2.2706352847365228,2.2706352847365228,1,80129427
4.0,5.057112290176387,80.36624354764712,163.58810558968403,113.01698268792016,113.01698268792016,2.2348126006112126,2.2348126006112126,1,80129427
4.0,5.057112290176387,81.0892893805095,161.59496641665626,111.02384351489239,111.02384351489239,2.195400005860261,2.195400005860261,1,80129427
4.0,5.057112290176387,81.81233521337188,159.44901518004255,108.87789227827868,108.87789227827868,2.152965685373008,2.152965685373008,1,80129427
4.0,5.057112290176387,82.53538104623425,157.20076899846066,106.62964609669679,106.62964609669679,2.1085085712616767,2.1085085712616767,1,80129427
4.0,5.057112290176387,83.25842687909662,154.87249256585585,104.30136966409198,104.30136966409198,2.062468928497019,2.062468928497019,1,80129427
4.0,5.057112290176387,83.98147271195899,152.45261092666047,101.8814880248966,101.8814880248966,2.0146178723933983,2.0146178723933983,1,80129427
4.0,5.057112290176387,84.70451854482135,149.89889249156352,99.32776958979964,99.32776958979964,1.9641203099790214,1.9641203099790214,1,80129427
4.0,5.057112290176387,85.42756437768374,147.17111926134996,96.59999635958609,96.59999635958609,1.9101809652760702,1.9101809652760702,1,80129427
4.0,5.057112290176387,86.15061021054612,144.303137679159,93.73201477739512,93.73201477739512,1.8534691222789883,1.8534691222789883,1,80129427
4.0,5.057112290176387,86.87365604340849,141.64703520232322,91.07591230055935,91.07591230055935,1.8009470044293343,1.8009470044293343,1,80129427
4.0,5.057112290176387,87.59670187627086,141.7318555419308,91.16073264016693,91.16073264016693,1.8026242529209753,1.8026242529209753,1,80129427
4.0,5.057112290176387,88.31974770913324,128.76067064984284,78.18954774807897,78.18954774807897,1.5461303459676943,1.5461303459676943,1,80129427
4.0,5.057112290176387,89.04279354199561,131.2858937608954,80.71477085913152,80.71477085913152,1.5960644381166444,1.5960644381166444,1,80129427
4.0,5.057112290176387,89.76583937485798,127.8412733844206,77.27015048265673,77.27015048265673,1.5279500641652082,1.5279500641652082,1,80129427
4.0,5.057112290176387,90.48888520772036,124.31454812207167,73.7434252203078,73.7434252203078,1.4582121374594927,1.4582121374594927,1,80129427
4.0,5.057112290176387,91.21193104058273,120.62438984503996,70.05326694327609,70.05326694327609,1.3852424649410484,1.3852424649410484,1,80129427
4.0,5.170555213416079,71.37452441373944,179.17670397112423,127.47115183696343,127.47115183696343,2.465328123877549,2.465328123877549,1,72859469
4.0,5.170555213416079,72.08300322184098,178.54266616925426,126.83711403509346,126.83711403509346,2.4530656534909103,2.4530656534909103,1,72859469
4.0,5.170555213416079,72.79148202994253,177.87690239349132,126.17135025933052,126.17135025933052,2.440189593797447,2.440189593797447,1,72859469
4.0,5.170555213416079,73.49996083804407,177.17628039708723,125.47072826292643,125.47072826292643,2.4266393662592862,2.4266393662592862,1,72859469
4.0,5.170555213416079,74.20843964614562,176.40852333372737,124.70297119956658,124.70297119956658,2.41179072754119,2.41179072754119,1,72859469
4.0,5.170555213416079,74.91691845424717,175.53062523517872,123.82507310101792,123.82507310101792,2.394811930055946,2.394811930055946,1,72859469
4.0,5.170555213416079,75.62539726234871,174.51727479297764,122.81172265881685,122.81172265881685,2.3752134459401253,2.3752134459401253,1,72859469
4.0,5.170555213416079,76.33387607045026,173.3730068122748,121.66745467811401,121.66745467811401,2.3530829796077324,2.3530829796077324,1,72859469
4.0,5.170555213416079,77.0423548785518,172.13085350484903,120.42530137068823,120.42530137068823,2.329059383375692,2.329059383375692,1,72859469
4.0,5.170555213416079,77.75083368665335,170.81800092947162,119.11244879531083,119.11244879531083,2.3036684433085415,2.3036684433085415,1,72859469
4.0,5.170555213416079,78.4593124947549,169.43193195214837,117.72637981798758,117.72637981798758,2.2768614773230165,2.2768614773230165,1,72859469
4.0,5.170555213416079,79.16779130285644,167.9439782468417,116.23842611268091,116.23842611268091,2.2480840318864828,2.2480840318864828,1,72859469
4.0,5.170555213416079,79.87627011095799,166.3087571461204,114.6032050119596,114.6032050119596,2.216458393377133,2.216458393377133,1,72859469
4.0,5.170555213416079,80.58474891905954,164.49647227801418,112.79092014385338,112.79092014385338,2.1814082915349964,2.1814082915349964,1,72859469
4.0,5.170555213416079,81.29322772716108,162.50517470203837,110.79962256787758,110.79962256787758,2.1428960332999627,2.1428960332999627,1,72859469
4.0,5.170555213416079,82.00170653526263,160.36582296114017,108.66027082697937,108.66027082697937,2.101520365647344,2.101520365647344,1,72859469
4.0,5.170555213416079,82.71018534336417,158.1201178498074,106.4145657156466,106.4145657156466,2.058087793735031,2.058087793735031,1,72859469
4.0,5.170555213416079,83.41866415146572,155.78690990274777,104.08135776858697,104.08135776858697,2.0129628922349823,2.0129628922349823,1,72859469
4.0,5.170555213416079,84.12714295956727,153.3609244977999,101.65537236363912,101.65537236363912,1.9660436484629957,1.9660436484629957,1,72859469
4.0,5.170555213416079,84.83562176766881,150.8098039360011,99.10425180184029,99.10425180184029,1.9167042553707527,1.9167042553707527,1,72859469
4.0,5.170555213416079,85.54410057577036,148.09364804833348,96.38809591417268,96.38809591417268,1.8641730324061476,1.8641730324061476,1,72859469
4.0,5.170555213416079,86.2525793838719,145.20424652112916,93.49869438696837,93.49869438696837,1.8082911897810625,1.8082911897810625,1,72859469
4.0,5.170555213416079,86.96105819197345,142.13337890083326,90.42782676667247,90.42782676667247,1.7488997415990974,1.7488997415990974,1,72859469
4.0,5.170555213416079,87.669537000075,136.58546477459925,84.87991264043845,84.87991264043845,1.641601513512512,1.641601513512512,1,72859469
4.0,5.170555213416079,88.37801580817654,130.84191993704042,79.13636780287962,79.13636780287962,1.530519732146828,1.530519732146828,1,72859469
4.0,5.170555213416079,89.08649461627809,132.25073731090134,80.54518517674055,80.54518517674055,1.5577666585543724,1.5577666585543724,1,72859469
4.0,5.170555213416079,89.79497342437963,128.7614422159744,77.0558900818136,77.0558900818136,1.4902827046866476,1.4902827046866476,1,72859469
4.0,5.170555213416079,90.50345223248118,125.19710687107886,73.49155473691806,73.49155473691806,1.4213474511640252,1.4213474511640252,1,72859469
4.0,5.170555213416079,91.21193104058273,121.495501215476,69.7899490813152,69.7899490813152,1.3497573510138852,1.3497573510138852,1,72859469
4.0,5.283998136655772,71.78198375212568,180.16189637639334,127.32191500983564,127.32191500983564,2.409575319994669,2.409575319994669,1,76673835
4.0,5.283998136655772,72.47591044099914,179.53006248119445,126.69008111463674,126.69008111463674,2.3976178234388734,2.3976178234388734,1,76673835
4.0,5.283998136655772,73.16983712987262,178.8632788157097,126.02329744915198,126.02329744915198,2.3849989002628944,2.3849989002628944,1,76673835
4.0,5.283998136655772,73.86376381874608,178.1543733019175,125.3143919353598,125.3143919353598,2.3715828184351126,2.3715828184351126,1,76673835
4.0,5.283998136655772,74.55769050761954,177.3723662255275,124.53238485896978,124.53238485896978,2.356783284896955,2.356783284896955,1,76673835
4.0,5.283998136655772,75.25161719649302,176.47783264916282,123.63785128260511,123.63785128260511,2.339854180207096,2.339854180207096,1,76673835
4.0,5.283998136655772,75.94554388536648,175.45154529748453,122.61156393092682,122.61156393092682,2.3204316269597958,2.3204316269597958,1,76673835
4.0,5.283998136655772,76.63947057423994,174.30403844101227,121.46405707445456,121.46405707445456,2.298714986893028,2.298714986893028,1,76673835
4.0,5.283998136655772,77.33339726311341,173.06523981455774,120.22525844800003,120.22525844800003,2.2752706442869846,2.2752706442869846,1,76673835
4.0,5.283998136655772,78.02732395198689,171.75129959311917,118.91131822656146,118.91131822656146,2.2504042422282176,2.2504042422282176,1,76673835
4.0,5.283998136655772,78.72125064086035,170.35939031079488,117.51940894423717,117.51940894423717,2.2240622707451387,2.2240622707451387,1,76673835
4.0,5.283998136655772,79.41517732973381,168.86401291505416,116.02403154849645,116.02403154849645,2.195762158650717,2.195762158650717,1,76673835
4.0,5.283998136655772,80.10910401860727,167.22457916542444,114.38459779886674,114.38459779886674,2.164735770918732,2.164735770918732,1,76673835
4.0,5.283998136655772,80.80303070748073,165.4113931097995,112.57141174324178,112.57141174324178,2.130421109771396,2.130421109771396,1,76673835
4.0,5.283998136655772,81.4969573963542,163.4253312217459,110.58534985518818,110.58534985518818,2.0928347625265697,2.0928347625265697,1,76673835
4.0,5.283998136655772,82.19088408522768,161.29385370047183,108.45387233391412,108.45387233391412,2.052496415196586,2.052496415196586,1,76673835
4.0,5.283998136655772,82.88481077410114,159.05131193479858,106.21133056824087,106.21133056824087,2.0100561699944457,2.0100561699944457,1,76673835
4.0,5.283998136655772,83.5787374629746,156.71719285546865,103.87721148891094,103.87721148891094,1.9658828183208739,1.9658828183208739,1,76673835
4.0,5.283998136655772,84.27266415184806,154.28760058774137,101.44761922118366,101.44761922118366,1.9199026304992148,1.9199026304992148,1,76673835
4.0,5.283998136655772,84.96659084072152,151.7384008027428,98.8984194361851,98.8984194361851,1.8716588628242334,1.8716588628242334,1,76673835
4.0,5.283998136655772,85.660517529595,149.0324981713704,96.1925168048127,96.1925168048127,1.8204494838390062,1.8204494838390062,1,76673835
4.0,5.283998136655772,86.35444421846847,146.1320961077359,93.29211474117818,93.29211474117818,1.7655591907574464,1.7655591907574464,1,76673835
4.0,5.283998136655772,87.04837090734193,142.93743260410054,90.09745123754283,90.09745123754283,1.7050999812533103,1.7050999812533103,1,76673835
4.0,5.283998136655772,87.7422975962154,138.6932218473397,85.85324048078198,85.85324048078198,1.6247780233911715,1.6247780233911715,1,76673835
4.0,5.283998136655772,88.43622428508887,140.99783350181295,88.15785213525524,88.15785213525524,1.6683929451771176,1.6683929451771176,1,76673835
4.0,5.283998136655772,89.13015097396233,133.26587882199186,80.42589745543415,80.42589745543415,1.522065212277601,1.522065212277601,1,76673835
4.0,5.283998136655772,89.82407766283579,129.74006887922235,76.90008751266464,76.90008751266464,1.4553390354019788,1.4553390354019788,1,76673835
4.0,5.283998136655772,90.46428001021326,126.42168905377368,73.58170768721595,73.58170768721595,1.392538486657863,1.392538486657863,1,76673835
4.0,5.283998136655772,91.10448235759073,123.0064493027523,70.16646793619458,70.16646793619458,1.3279048576766295,1.3279048576766295,1,76673835
4.0,5.283998136655772,91.15820669908672,122.71384805732679,69.87386669076906,69.87386669076906,1.322367360541729,1.322367360541729,1,76673835
4.0,5.283998136655772,91.21193104058273,122.4201438215295,69.5801624549718,69.5801624549718,1.3168089892440593,1.3168089892440593,1,76673835
4.0,5.397441059895463,72.18902575079811,181.1427612697563,127.16835067080167,127.16835067080167,2.3560859536882957,2.3560859536882957,1,71667715
4.0,5.397441059895463,72.86841522543327,180.51114883347142,126.53673823451679,126.53673823451679,2.3443838817383496,2.3443838817383496,1,71667715
4.0,5.397441059895463,73.54780470006844,179.84279381329748,125.86838321434284,125.86838321434284,2.3320010689802815,2.3320010689802815,1,71667715
4.0,5.397441059895463,74.22719417470361,179.12427591087848,125.14986531192385,125.14986531192385,2.3186888735446,2.3186888735446,1,71667715
4.0,5.397441059895463,74.90658364933877,178.3273822117042,124.35297161274956,124.35297161274956,2.303924586351259,2.303924586351259,1,71667715
4.0,5.397441059895463,75.58597312397393,177.41777242934296,123.44336183038833,123.44336183038833,2.287071974673479,2.287071974673479,1,71667715
4.0,5.397441059895463,76.2653625986091,176.38212266716042,122.40771206820578,122.40771206820578,2.2678841827052123,2.2678841827052123,1,71667715
4.0,5.397441059895463,76.94475207324427,175.2340274151707,121.25961681621605,121.25961681621605,2.246613079616743,2.246613079616743,1,71667715
4.0,5.397441059895463,77.62414154787943,173.995976133883,120.02156553492837,120.02156553492837,2.223675334349143,2.223675334349143,1,71667715
4.0,5.397441059895463,78.30353102251459,172.6819229780147,118.70751237906008,118.70751237906008,2.199329479687902,2.199329479687902,1,71667715
4.0,5.397441059895463,78.98292049714976,171.28620501854803,117.3117944195934,117.3117944195934,2.173470596858458,2.173470596858458,1,71667715
4.0,5.397441059895463,79.66230997178494,169.78501452725632,115.81060392830169,115.81060392830169,2.145657592980639,2.145657592980639,1,71667715
4.0,5.397441059895463,80.3416994464201,168.14105380200303,114.1666432030484,114.1666432030484,2.115199442405019,2.115199442405019,1,71667715
4.0,5.397441059895463,81.02108892105525,166.32970692593315,112.35529632697852,112.35529632697852,2.0816400786997122,2.0816400786997122,1,71667715
4.0,5.397441059895463,81.70047839569042,164.35072786929464,110.37631727034001,110.37631727034001,2.044974943598138,2.044974943598138,1,71667715
4.0,5.397441059895463,82.37986787032558,162.22689918341027,108.25248858445563,108.25248858445563,2.0056261362222685,2.0056261362222685,1,71667715
4.0,5.397441059895463,83.05925734496074,159.99101713333798,106.01660653438334,106.01660653438334,1.9642012827544735,1.9642012827544735,1,71667715
4.0,5.397441059895463,83.73864681959591,157.65907117569074,103.6846605767361,103.6846605767361,1.9209966246253785,1.9209966246253785,1,71667715
4.0,5.397441059895463,84.41803629423107,155.2294612332997,101.25505063434507,101.25505063434507,1.875982516728143,1.875982516728143,1,71667715
4.0,5.397441059895463,85.09742576886623,152.68334769287557,98.70893709392094,98.70893709392094,1.8288099119295007,1.8288099119295007,1,71667715
4.0,5.397441059895463,85.7768152435014,149.98906929313253,96.0146586941779,96.0146586941779,1.7788922126004187,1.7788922126004187,1,71667715
4.0,5.397441059895463,86.45620471813658,147.1181354803738,93.14372488141917,93.14372488141917,1.7257015657568509,1.7257015657568509,1,71667715
4.0,5.397441059895463,87.13559419277173,144.07074547961273,90.09633488065809,90.09633488065809,1.6692416625000266,1.6692416625000266,1,71667715
4.0,5.397441059895463,87.81498366740689,141.50901513252933,87.5346045335747,87.5346045335747,1.6217797204675737,1.6217797204675737,1,71667715
4.0,5.397441059895463,88.49437314204206,145.8543945907282,91.87998399177356,91.87998399177356,1.7022878614547219,1.7022878614547219,1,71667715
4.0,5.397441059895463,89.17376261667724,129.95557051757092,75.98115991861629,75.98115991861629,1.407725606920993,1.407725606920993,1,71667715
4.0,5.397441059895463,89.8531520913124,130.76982847105393,76.79541787209929,76.79541787209929,1.4228116068318244,1.4228116068318244,1,71667715
4.0,5.397441059895463,90.37731310649832,127.97685305000404,74.0024424510494,74.0024424510494,1.371065318358153,1.371065318358153,1,71667715
4.0,5.397441059895463,90.90147412168426,125.1248141176471,71.15040351869247,71.15040351869247,1.3182247425981248,1.3182247425981248,1,71667715
4.0,5.397441059895463,91.0567025811335,124.26591198003646,70.29150138108183,70.29150138108183,1.302311606575343,1.302311606575343,1,71667715
4.0,5.397441059895463,91.21193104058273,123.39934632642561,69.42493572747098,69.42493572747098,1.2862564863064125,1.2862564863064125,1,71667715
4.0,5.510883983135156,72.59684652447277,182.1158080420561,127.00696821070454,127.00696821070454,2.304656904398302,2.304656904398302,1,82921201
4.0,5.510883983135156,73.26167097147669,181.48197371371347,126.37313388236191,126.37313388236191,2.2931554042708755,2.2931554042708755,1,82921201
4.0,5.510883983135156,73.92649541848063,180.80864787602337,125.69980804467181,125.69980804467181,2.2809372948033078,2.2809372948033078,1,82921201
4.0,5.510883983135156,74.59131986548455,180.08123549652902,124.97239566517746,124.97239566517746,2.267737735862847,2.267737735862847,1,82921201
4.0,5.510883983135156,75.25614431248847,179.27066516551307,124.1618253341615,124.1618253341615,2.2530292002903956,2.2530292002903956,1,82921201
4.0,5.510883983135156,75.92096875949241,178.3477201944213,123.23888036306974,123.23888036306974,2.236281524710285,2.236281524710285,1,82921201
4.0,5.510883983135156,76.58579320649633,177.30378242598906,122.1949425946375,122.1949425946375,2.2173383248238965,2.2173383248238965,1,82921201
4.0,5.510883983135156,77.25061765350026,176.15442953272048,121.04558970136893,121.04558970136893,2.1964822716609937,2.1964822716609937,1,82921201
4.0,5.510883983135156,77.91544210050418,174.91880729138327,119.80996746003171,119.80996746003171,2.1740607827470817,2.1740607827470817,1,82921201
4.0,5.510883983135156,78.5802665475081,173.6051134463374,118.49627361498585,118.49627361498585,2.1502226136064113,2.1502226136064113,1,82921201
4.0,5.510883983135156,79.24509099451204,172.2051391465545,117.09629931520294,117.09629931520294,2.1248188071741363,2.1248188071741363,1,82921201
4.0,5.510883983135156,79.90991544151596,170.6984955942472,115.58965576289563,115.58965576289563,2.0974793901782776,2.0974793901782776,1,82921201
4.0,5.510883983135156,80.57473988851989,169.0534389132139,113.94459908186235,113.94459908186235,2.0676283411257548,2.0676283411257548,1,82921201
4.0,5.510883983135156,81.23956433552382,167.24568239504006,112.1368425636885,112.1368425636885,2.0348249556125397,2.0348249556125397,1,82921201
4.0,5.510883983135156,81.90438878252775,165.2729174437361,110.16407761238455,110.16407761238455,1.9990273420655813,1.9990273420655813,1,82921201
4.0,5.510883983135156,82.56921322953167,163.15995528282005,108.05111545146849,108.05111545146849,1.9606857226923136,1.9606857226923136,1,82921201
4.0,5.510883983135156,83.2340376765356,160.93170042412058,105.82286059276902,105.82286059276902,1.9202520125013796,1.9202520125013796,1,82921201
4.0,5.510883983135156,83.89886212353953,158.60333369364847,103.4944938622969,103.4944938622969,1.8780016813821332,1.8780016813821332,1,82921201
4.0,5.510883983135156,84.56368657054345,156.17650428772492,101.06766445637336,101.06766445637336,1.8339646555011617,1.8339646555011617,1,82921201
4.0,5.510883983135156,85.22851101754739,153.636498548458,98.52765871710645,98.52765871710645,1.787873942159345,1.787873942159345,1,82921201
4.0,5.510883983135156,85.89333546455131,150.9572713323746,95.84843150102304,95.84843150102304,1.7392569285498662,1.7392569285498662,1,82921201
4.0,5.510883983135156,86.55815991155524,148.1161754185218,93.00733558717025,93.00733558717025,1.6877026602592011,1.6877026602592011,1,82921201
4.0,5.510883983135156,87.22298435855916,145.13500556509183,90.02616573374027,90.02616573374027,1.633606622989079,1.633606622989079,1,82921201
4.0,5.510883983135156,87.88780880556308,142.284296622223,87.17545679087144,87.17545679087144,1.5818779175473967,1.5818779175473967,1,82921201
4.0,5.510883983135156,88.55263325256702,140.44681069861716,85.3379708672656,85.3379708672656,1.5485350649446372,1.5485350649446372,1,82921201
4.0,5.510883983135156,89.21745769957094,126.26956943013064,71.16072959877908,71.16072959877908,1.291276133131287,1.291276133131287,1,82921201
4.0,5.510883983135156,89.88228214657487,131.84300902365567,76.73416919230411,76.73416919230411,1.3924112615531754,1.3924112615531754,1,82921201
4.0,5.510883983135156,90.5471065935788,128.18951509325007,73.0806752618985,73.0806752618985,1.3261152926743838,1.3261152926743838,1,82921201
4.0,5.510883983135156,91.07920416071407,125.19275865240809,70.08391882105653,70.08391882105653,1.2717364226053913,1.2717364226053913,1,82921201
4.0,5.510883983135156,91.21193104058273,124.43268972739796,69.3238498960464,69.3238498960464,1.2579442809574062,1.2579442809574062,1,82921201
4.0,5.624326906374848,73.00438936815911,183.07609517746292,126.83282611371445,126.83282611371445,2.255075642384101,2.255075642384101,1,91206019
4.0,5.624326906374848,73.65465871360281,182.4407143741229,126.19744531037443,126.19744531037443,2.243778631845474,2.243778631845474,1,91206019
4.0,5.624326906374848,74.30492805904652,181.76062200239616,125.51735293864769,125.51735293864769,2.2316866538533002,2.2316866538533002,1,91206019
4.0,5.624326906374848,74.9551974044902,181.02173230081223,124.77846323706376,124.77846323706376,2.2185492649019856,2.2185492649019856,1,91206019
4.0,5.624326906374848,75.60546674993391,180.19771442404576,123.95444536029729,123.95444536029729,2.2038983050541057,2.2038983050541057,1,91206019
4.0,5.624326906374848,76.25573609537761,179.26289318984317,123.0196241260947,123.0196241260947,2.18727727199959,2.18727727199959,1,91206019
4.0,5.624326906374848,76.90600544082132,178.21384433594235,121.97057527219388,121.97057527219388,2.1686252826795562,2.1686252826795562,1,91206019
4.0,5.624326906374848,77.55627478626502,177.0653183924185,120.82204932867003,120.82204932867003,2.1482046001224653,2.1482046001224653,1,91206019
4.0,5.624326906374848,78.20654413170871,175.83058717038116,119.5873181066327,119.5873181066327,2.126251195873544,2.126251195873544,1,91206019
4.0,5.624326906374848,78.85681347715241,174.5155411140229,118.27227205027444,118.27227205027444,2.1028698014729494,2.1028698014729494,1,91206019
4.0,5.624326906374848,79.50708282259612,173.11345699604072,116.87018793229225,116.87018793229225,2.0779408785756512,2.0779408785756512,1,91206019
4.0,5.624326906374848,80.15735216803981,171.60431164309261,115.36104257934414,115.36104257934414,2.05110841705501,2.05110841705501,1,91206019
4.0,5.624326906374848,80.80762151348351,169.95871273659193,113.71544367284346,113.71544367284346,2.0218498242688137,2.0218498242688137,1,91206019
4.0,5.624326906374848,81.45789085892721,168.1540363672453,111.91076730349684,111.91076730349684,1.989762849251392,1.989762849251392,1,91206019
4.0,5.624326906374848,82.10816020437092,166.1911973743615,109.94792831061304,109.94792831061304,1.9548637577590564,1.9548637577590564,1,91206019
4.0,5.624326906374848,82.75842954981462,164.0883404955087,107.84507143176023,107.84507143176023,1.9174751615081995,1.9174751615081995,1,91206019
4.0,5.624326906374848,83.40869889525833,161.8688365029952,105.62556743924674,105.62556743924674,1.8780125906182,1.8780125906182,1,91206019
4.0,5.624326906374848,84.05896824070203,159.5478062926207,103.30453722887222,103.30453722887222,1.836744893185041,1.836744893185041,1,91206019
4.0,5.624326906374848,84.70923758614572,157.1268300918017,100.88356102805324,100.88356102805324,1.793700165502606,1.793700165502606,1,91206019
4.0,5.624326906374848,85.35950693158942,154.5946048323131,98.35133576856464,98.35133576856464,1.7486774400877927,1.7486774400877927,1,91206019
4.0,5.624326906374848,86.00977627703313,151.92961898657182,95.68634992282335,95.68634992282335,1.701294244016443,1.701294244016443,1,91206019
4.0,5.624326906374848,86.66004562247682,149.10802724278452,92.86475817903604,92.86475817903604,1.6511266099020532,1.6511266099020532,1,91206019
4.0,5.624326906374848,87.31031496792052,146.11973776339434,89.87646869964587,89.87646869964587,1.59799510582815,1.59799510582815,1,91206019
4.0,5.624326906374848,87.96058431336422,142.83015873691912,86.58688967317065,86.58688967317065,1.539506702126959,1.539506702126959,1,91206019
4.0,5.624326906374848,88.61085365880793,137.02097505880658,80.77770599505811,80.77770599505811,1.4362199662238921,1.4362199662238921,1,91206019
4.0,5.624326906374848,89.26112300425163,134.0427139039547,77.79944484020623,77.79944484020623,1.3832667648110049,1.3832667648110049,1,91206019
4.0,5.624326906374848,89.91139234969532,132.95283109746822,76.70956203371975,76.70956203371975,1.363888751679315,1.363888751679315,1,91206019
4.0,5.624326906374848,90.56166169513902,129.28354579357074,73.04027672982227,73.04027672982227,1.2986492063083204,1.2986492063083204,1,91206019
4.0,5.624326906374848,91.21193104058273,125.51482243989344,69.27155337614496,69.27155337614496,1.2316416618249855,1.2316416618249855,1,91206019
4.0,5.737769829614541,73.41138616236478,184.02265674026947,126.64495844412406,126.64495844412406,2.207215733724055,2.207215733724055,1,87559544
4.0,5.737769829614541,74.04711990801542,183.381868299009,126.00417000286359,126.00417000286359,2.196047832949208,2.196047832949208,1,87559544
4.0,5.737769829614541,74.68285365366606,182.69508718899374,125.31738889284833,125.31738889284833,2.1840783547301523,2.1840783547301523,1,87559544
4.0,5.737769829614541,75.3185873993167,181.94569033858036,124.56799204243495,124.56799204243495,2.1710175859529612,2.1710175859529612,1,87559544
4.0,5.737769829614541,75.95432114496734,181.10876107752523,123.73106278137982,123.73106278137982,2.156431269563352,2.156431269563352,1,87559544
4.0,5.737769829614541,76.59005489061798,180.1639751502704,122.78627685412499,122.78627685412499,2.1399651868289333,2.1399651868289333,1,87559544
4.0,5.737769829614541,77.22578863626862,179.11008655396395,121.73238825781854,121.73238825781854,2.1215976219456754,2.1215976219456754,1,87559544
4.0,5.737769829614541,77.86152238191926,177.9606653209666,120.58296702482119,120.58296702482119,2.1015650785162614,2.1015650785162614,1,87559544
4.0,5.737769829614541,78.49725612756991,176.72718378746825,119.34948549132284,119.34948549132284,2.0800675007094287,2.0800675007094287,1,87559544
4.0,5.737769829614541,79.13298987322055,175.41272869904472,118.03503040289931,118.03503040289931,2.0571586854823143,2.0571586854823143,1,87559544
4.0,5.737769829614541,79.76872361887119,174.0084968297928,116.63079853364738,116.63079853364738,2.032685206919193,2.032685206919193,1,87559544
4.0,5.737769829614541,80.40445736452183,172.49635059647102,115.1186523003256,115.1186523003256,2.0063309564311886,2.0063309564311886,1,87559544
4.0,5.737769829614541,81.04019111017247,170.85172721584388,113.47402891969847,113.47402891969847,1.9776678446392397,1.9776678446392397,1,87559544
4.0,5.737769829614541,81.67592485582311,169.05360959516076,111.67591129901535,111.67591129901535,1.9463295777850618,1.9463295777850618,1,87559544
4.0,5.737769829614541,82.31165860147375,167.09924385413697,109.72154555799156,109.72154555799156,1.9122681602123899,1.9122681602123899,1,87559544
4.0,5.737769829614541,82.94739234712439,165.00811344393762,107.6304151477922,107.6304151477922,1.8758231567999781,1.8758231567999781,1,87559544
4.0,5.737769829614541,83.58312609277503,162.80040004343311,105.4227017472877,105.4227017472877,1.837346301400346,1.837346301400346,1,87559544
4.0,5.737769829614541,84.21885983842567,160.48780337284197,103.11010507669656,103.11010507669656,1.7970415011161822,1.7970415011161822,1,87559544
4.0,5.737769829614541,84.85459358407631,158.07447502267487,100.69677672652946,100.69677672652946,1.7549811114206753,1.7549811114206753,1,87559544
4.0,5.737769829614541,85.49032732972695,155.55227095599014,98.17457265984473,98.17457265984473,1.71102319499003,1.71102319499003,1,87559544
4.0,5.737769829614541,86.12606107537759,152.90335109621222,95.52565280006681,95.52565280006681,1.6648568282928866,1.6648568282928866,1,87559544
4.0,5.737769829614541,86.76179482102825,150.10397221453883,92.72627391839342,92.72627391839342,1.6160682054515716,1.6160682054515716,1,87559544
4.0,5.737769829614541,87.39752856667889,147.12804013922036,89.75034184307495,89.75034184307495,1.5642025474748664,1.5642025474748664,1,87559544
4.0,5.737769829614541,88.03326231232953,143.89280719609403,86.51510889994861,86.51510889994861,1.5078176969284358,1.5078176969284358,1,87559544
4.0,5.737769829614541,88.66899605798017,139.8850304532249,82.5073321570795,82.5073321570795,1.437968663908958,1.437968663908958,1,87559544
4.0,5.737769829614541,89.3047298036308,144.80221936181806,87.42452106567265,87.42452106567265,1.5236672725079625,1.5236672725079625,1,87559544
4.0,5.737769829614541,89.94046354928145,132.99677421291878,75.61907591677337,75.61907591677337,1.3179175561640366,1.3179175561640366,1,87559544
4.0,5.737769829614541,90.57619729493209,130.41445593485113,73.03675763870572,73.03675763870572,1.2729119467591519,1.2729119467591519,1,87559544
4.0,5.737769829614541,91.21193104058273,126.63935971392817,69.26166141778276,69.26166141778276,1.2071181569588285,1.2071181569588285,1,87559544
4.0,5.851212752854233,73.81946711456223,184.94951505381346,126.43738752527113,126.43738752527113,2.1608748966373637,2.1608748966373637,1,94888834
4.0,5.851212752854233,74.44062654049154,184.3040426396295,125.79191511108718,125.79191511108718,2.149843467061177,2.149843467061177,1,94888834
4.0,5.851212752854233,75.06178596642084,183.60740909628038,125.09528156773806,125.09528156773806,2.1379376695321213,2.1379376695321213,1,94888834
4.0,5.851212752854233,75.68294539235015,182.84529520467802,124.3331676761357,124.3331676761357,2.1249127818072546,2.1249127818072546,1,94888834
4.0,5.851212752854233,76.30410481827944,181.9962192263867,123.48409169784438,123.48409169784438,2.110401670792241,2.110401670792241,1,94888834
4.0,5.851212752854233,76.92526424420875,181.04230980724722,122.5301822787049,122.5301822787049,2.0940989065717095,2.0940989065717095,1,94888834
4.0,5.851212752854233,77.54642367013805,179.9855597889345,121.47343226039217,121.47343226039217,2.076038547754689,2.076038547754689,1,94888834
4.0,5.851212752854233,78.16758309606735,178.83706162680238,120.32493409826006,120.32493409826006,2.0564101696620987,2.0564101696620987,1,94888834
4.0,5.851212752854233,78.78874252199665,177.60373349851324,119.09160596997091,119.09160596997091,2.0353320072300876,2.0353320072300876,1,94888834
4.0,5.851212752854233,79.40990194792596,176.28817374606547,117.77604621752315,117.77604621752315,2.0128484673552807,2.0128484673552807,1,94888834
4.0,5.851212752854233,80.03106137385527,174.8825216025231,116.37039407398078,116.37039407398078,1.9888252058039606,1.9888252058039606,1,94888834
4.0,5.851212752854233,80.65222079978457,173.3699626159068,114.85783508736446,114.85783508736446,1.9629748556200868,1.9629748556200868,1,94888834
4.0,5.851212752854233,81.27338022571386,171.72714769567742,113.2150201671351,113.2150201671351,1.9348983697765665,1.9348983697765665,1,94888834
4.0,5.851212752854233,81.89453965164317,169.93421136278954,111.42208383424722,111.42208383424722,1.9042562378183108,1.9042562378183108,1,94888834
4.0,5.851212752854233,82.51569907757248,167.99133462735546,109.47920709881313,109.47920709881313,1.8710515532939556,1.8710515532939556,1,94888834
4.0,5.851212752854233,83.13685850350178,165.9130527923278,107.40092526378547,107.40092526378547,1.835532731422133,1.835532731422133,1,94888834
4.0,5.851212752854233,83.75801792943109,163.71652332967182,105.2043958011295,105.2043958011295,1.7979930015330685,1.7979930015330685,1,94888834
4.0,5.851212752854233,84.37917735536038,161.41530758585225,102.90318005730992,102.90318005730992,1.758664133467264,1.758664133467264,1,94888834
4.0,5.851212752854233,85.00033678128969,159.01273885970298,100.50061133116066,100.50061133116066,1.7176030948821042,1.7176030948821042,1,94888834
4.0,5.851212752854233,85.621496207219,156.5025343683753,97.99040683983299,97.99040683983299,1.6747025100400441,1.6747025100400441,1,94888834
4.0,5.851212752854233,86.2426556331483,153.87012614769034,95.35799861914802,95.35799861914802,1.62971340552661,1.62971340552661,1,94888834
4.0,5.851212752854233,86.86381505907761,151.0958527796038,92.58372525106148,92.58372525106148,1.5822997583859684,1.5822997583859684,1,94888834
4.0,5.851212752854233,87.4849744850069,148.16052713372258,89.64839960518026,89.64839960518026,1.5321336514631023,1.5321336514631023,1,94888834
4.0,5.851212752854233,88.10613391093621,145.07968314078104,86.56755561223872,86.56755561223872,1.4794805669988826,1.4794805669988826,1,94888834
4.0,5.851212752854233,88.72729333686551,142.7153826469789,84.20325511843657,84.20325511843657,1.4390735506474632,1.4390735506474632,1,94888834
4.0,5.851212752854233,89.3484527627948,146.83685780226892,88.3247302737266,88.3247302737266,1.509511515038342,1.509511515038342,1,94888834
4.0,5.851212752854233,89.96961218872411,129.48936197457041,70.97723444602809,70.97723444602809,1.2130345869137176,1.2130345869137176,1,94888834
4.0,5.851212752854233,90.34614416325942,133.03472305491772,74.5225955263754,74.5225955263754,1.2736264886287572,1.2736264886287572,1,94888834
4.0,5.851212752854233,90.72267613779474,130.78192276465515,72.26979523611283,72.26979523611283,1.2351250636179567,1.2351250636179567,1,94888834
4.0,5.851212752854233,90.96730358918873,129.29911503616918,70.78698750762686,70.78698750762686,1.20978317654057,1.20978317654057,1,94888834
4.0,5.851212752854233,91.21193104058273,127.79993721998459,69.28780969144226,69.28780969144226,1.1841615169033726,1.1841615169033726,1,94888834
4.0,5.964655676093925,74.22700418353448,185.85656600364453,126.21000924270527,126.21000924270527,2.115964711065374,2.115964711065374,1,96573652
4.0,5.964655676093925,74.83360871414334,185.2025297040469,125.55597294310763,125.55597294310763,2.104999513154303,2.104999513154303,1,96573652
4.0,5.964655676093925,75.44021324475221,184.49652486049317,124.8499680995539,124.8499680995539,2.093163040407295,2.093163040407295,1,96573652
4.0,5.964655676093925,76.04681777536108,183.7225671580541,124.07601039711483,124.07601039711483,2.08018730895743,2.08018730895743,1,96573652
4.0,5.964655676093925,76.65342230596994,182.8617262706614,123.21516950972213,123.21516950972213,2.0657549438027587,2.0657549438027587,1,96573652
4.0,5.964655676093925,77.2600268365788,181.8999411283229,122.25338436738363,122.25338436738363,2.0496302050991773,2.0496302050991773,1,96573652
4.0,5.964655676093925,77.86663136718767,180.8398148261535,121.19325806521425,121.19325806521425,2.031856734848106,2.031856734848106,1,96573652
4.0,5.964655676093925,78.47323589779654,179.69055954774637,120.04400278680711,120.04400278680711,2.0125889792421403,2.0125889792421403,1,96573652
4.0,5.964655676093925,79.0798404284054,178.4585711091229,118.81201434818362,118.81201434818362,1.991934166868624,1.991934166868624,1,96573652
4.0,5.964655676093925,79.68644495901427,177.14346211610652,117.49690535516726,117.49690535516726,1.969885802898726,1.969885802898726,1,96573652
4.0,5.964655676093925,80.29304948962314,175.7358854033856,116.08932864244633,116.08932864244633,1.9462871781136872,1.9462871781136872,1,96573652
4.0,5.964655676093925,80.899654020232,174.22183725669015,114.57528049575089,114.57528049575089,1.9209035142625837,1.9209035142625837,1,96573652
4.0,5.964655676093925,81.50625855084087,172.58167714210052,112.93512038116125,112.93512038116125,1.8934055294054977,1.8934055294054977,1,96573652
4.0,5.964655676093925,82.11286308144973,170.7972537750341,111.15069701409485,111.15069701409485,1.863488909503727,1.863488909503727,1,96573652
4.0,5.964655676093925,82.7194676120586,168.86476737758497,109.2182106166457,109.2182106166457,1.8310899496577386,1.8310899496577386,1,96573652
4.0,5.964655676093925,83.32607214266747,166.80020745929517,107.1536506983559,107.1536506983559,1.7964767208243548,1.7964767208243548,1,96573652
4.0,5.964655676093925,83.93267667327633,164.6187102125554,104.97215345161615,104.97215345161615,1.7599029877338916,1.7599029877338916,1,96573652
4.0,5.964655676093925,84.5392812038852,162.3301053505832,102.68354858964395,102.68354858964395,1.7215335497268525,1.7215335497268525,1,96573652
4.0,5.964655676093925,85.14588573449407,159.939552193042,100.29299543210274,100.29299543210274,1.6814549050010146,1.6814549050010146,1,96573652
4.0,5.964655676093925,85.75249026510294,157.4431065772926,97.79654981635335,97.79654981635335,1.6396009279851236,1.6396009279851236,1,96573652
4.0,5.964655676093925,86.3590947957118,154.8289602822087,95.18240352126944,95.18240352126944,1.5957736488085352,1.5957736488085352,1,96573652
4.0,5.964655676093925,86.96569932632066,152.08086272640708,92.43430596546781,92.43430596546781,1.549700619533503,1.549700619533503,1,96573652
4.0,5.964655676093925,87.57230385692952,149.18541548993875,89.53885872899949,89.53885872899949,1.5011572099269241,1.5011572099269241,1,96573652
4.0,5.964655676093925,88.1789083875384,146.16866136533523,86.52210460439596,86.52210460439596,1.450580038528841,1.450580038528841,1,96573652
4.0,5.964655676093925,88.78551291814726,143.32787473491476,83.6813179739755,83.6813179739755,1.402953037328986,1.402953037328986,1,96573652
4.0,5.964655676093925,89.39211744875612,141.7163938416702,82.06983708073093,82.06983708073093,1.3759358718670582,1.3759358718670582,1,96573652
4.0,5.964655676093925,89.94874939840763,126.5223882034155,66.87583144247625,66.87583144247625,1.1212018777632313,1.1212018777632313,1,96573652
4.0,5.964655676093925,89.998721979365,125.96367547111373,66.31711871017447,66.31711871017447,1.1118348201719428,1.1118348201719428,1,96573652
4.0,5.964655676093925,90.2849875860607,133.3413468089071,73.69479004796784,73.69479004796784,1.2355246312596597,1.2355246312596597,1,96573652
4.0,5.964655676093925,90.57125319275639,132.96771510013892,73.32115833919966,73.32115833919966,1.2292605360786808,1.2292605360786808,1,96573652
4.0,5.964655676093925,90.89159211666956,130.9930225437677,71.34646578282843,71.34646578282843,1.1961539719515057,1.1961539719515057,1,96573652
4.0,5.964655676093925,91.21193104058273,128.99021104902602,69.34365428808675,69.34365428808675,1.1625759818125467,1.1625759818125467,1,96573652
4.0,6.078098599333617,74.63430368151695,186.73908598793525,125.95809999459908,125.95809999459908,2.072327355933461,2.072327355933461,1,81150380
4.0,6.078098599333617,75.22636180148359,186.07723220827657,125.2962462149404,125.2962462149404,2.0614381976080063,2.0614381976080063,1,81150380
4.0,6.078098599333617,75.81841992145023,185.36061149480247,124.5796255014663,124.5796255014663,2.0496479855579306,2.0496479855579306,1,81150380
4.0,6.078098599333617,76.41047804141687,184.57318110157627,123.7921951082401,123.7921951082401,2.0366927762871807,2.0366927762871807,1,81150380
4.0,6.078098599333617,77.00253616138349,183.70057935418205,122.91959336084588,122.91959336084588,2.022336284151797,2.022336284151797,1,81150380
4.0,6.078098599333617,77.59459428135013,182.73265985378512,121.95167386044895,121.95167386044895,2.006411575386739,2.006411575386739,1,81150380
4.0,6.078098599333617,78.18665240131676,181.67033103282068,120.88934503948451,120.88934503948451,1.9889335959890222,1.9889335959890222,1,81150380
4.0,6.078098599333617,78.7787105212834,180.52033771615027,119.73935172281409,119.73935172281409,1.9700133152815573,1.9700133152815573,1,81150380
4.0,6.078098599333617,79.37076864125004,179.2879972606494,118.50701126731323,118.50701126731323,1.9497382171507707,1.9497382171507707,1,81150380
4.0,6.078098599333617,79.96282676121666,177.9720971921339,117.19111119879773,117.19111119879773,1.9280883533486306,1.9280883533486306,1,81150380
4.0,6.078098599333617,80.5548848811833,176.56453224709026,115.78354625375408,115.78354625375408,1.9049303719167736,1.9049303719167736,1,81150380
4.0,6.078098599333617,81.14694300114994,175.0503299019068,114.26934390857062,114.26934390857062,1.880017937206526,1.880017937206526,1,81150380
4.0,6.078098599333617,81.73900112111657,173.41197845363973,112.63099246030356,112.63099246030356,1.853062937686665,1.853062937686665,1,81150380
4.0,6.078098599333617,82.33105924108321,171.6349048148072,110.85391882147101,110.85391882147101,1.8238256094368832,1.8238256094368832,1,81150380
4.0,6.078098599333617,82.92311736104983,169.7167887504375,108.93580275710133,108.93580275710133,1.7922677787597043,1.7922677787597043,1,81150380
4.0,6.078098599333617,83.51517548101647,167.66664716460932,106.88566117127314,106.88566117127314,1.7585377963923081,1.7585377963923081,1,81150380
4.0,6.078098599333617,84.10723360098311,165.49953944732192,104.71855345398575,104.71855345398575,1.7228834271537936,1.7228834271537936,1,81150380
4.0,6.078098599333617,84.69929172094974,163.22610641998043,102.44512042664425,102.44512042664425,1.6854797393032748,1.6854797393032748,1,81150380
4.0,6.078098599333617,85.29134984091638,160.85053823514335,100.06955224180717,100.06955224180717,1.6463956713827983,1.6463956713827983,1,81150380
4.0,6.078098599333617,85.883407960883,158.36989254877923,97.58890655544306,97.58890655544306,1.6055828144371067,1.6055828144371067,1,81150380
4.0,6.078098599333617,86.47546608084964,155.77467770931293,94.99369171597675,94.99369171597675,1.5628850069393667,1.5628850069393667,1,81150380
4.0,6.078098599333617,87.06752420081628,153.05114277427793,92.27015678094176,92.27015678094176,1.5180760113213358,1.5180760113213358,1,81150380
4.0,6.078098599333617,87.65958232078292,150.1859925789764,89.40500658564022,89.40500658564022,1.470937088704719,1.470937088704719,1,81150380
4.0,6.078098599333617,88.25164044074955,147.1770131502819,86.39602715694573,86.39602715694573,1.421431813666496,1.421431813666496,1,81150380
4.0,6.078098599333617,88.84369856071619,143.95422064019067,83.1732346468545,83.1732346468545,1.3684087759940804,1.3684087759940804,1,81150380
4.0,6.078098599333617,89.43575668068283,137.44643390652226,76.66544791318609,76.66544791318609,1.261339326110824,1.261339326110824,1,81150380
4.0,6.078098599333617,90.02781480064945,132.99288332024875,72.21189732691258,72.21189732691258,1.1880672244249155,1.1880672244249155,1,81150380
4.0,6.078098599333617,90.435444971967,133.5246294421893,72.74364344885313,72.74364344885313,1.1968157847394663,1.1968157847394663,1,81150380
4.0,6.078098599333617,90.84307514328454,132.55528345516998,71.77429746183381,71.77429746183381,1.1808676066838222,1.1808676066838222,1,81150380
4.0,6.078098599333617,91.02750309193362,131.3845083404569,70.60352234712073,70.60352234712073,1.1616054131609754,1.1616054131609754,1,81150380
4.0,6.078098599333617,91.21193104058273,130.20385771248763,69.42287171915146,69.42287171915146,1.1421807426217592,1.1421807426217592,1,81150380
4.0,6.19154152257331,75.04241824471208,187.59527076549492,125.67985553976182,125.67985553976182,2.0298637274991114,2.0298637274991114,1,93566818
4.0,6.19154152257331,75.6199008445646,186.92369552626525,125.00828030053215,125.00828030053215,2.0190170710278394,2.0190170710278394,1,93566818
4.0,6.19154152257331,76.19738344441713,186.19343821462837,124.27802298889527,124.27802298889527,2.0072226364920382,2.0072226364920382,1,93566818
4.0,6.19154152257331,76.77486604426966,185.39274000569148,123.47732477995838,123.47732477995838,1.9942905063267524,1.9942905063267524,1,93566818
4.0,6.19154152257331,77.35234864412217,184.5094698405121,122.59405461477901,122.59405461477901,1.9800247509900708,1.9800247509900708,1,93566818
4.0,6.19154152257331,77.92983124397469,183.5356060378812,121.6201908121481,121.6201908121481,1.9642958117738776,1.9642958117738776,1,93566818
4.0,6.19154152257331,78.50731384382722,182.4711107896066,120.5556955638735,120.5556955638735,1.9471030780355407,1.9471030780355407,1,93566818
4.0,6.19154152257331,79.08479644367975,181.32159346077555,119.40617823504245,119.40617823504245,1.9285371470046317,1.9285371470046317,1,93566818
4.0,6.19154152257331,79.66227904353227,180.08871262745018,118.17329740171708,118.17329740171708,1.9086248064537286,1.9086248064537286,1,93566818
4.0,6.19154152257331,80.23976164338478,178.77173455224852,116.85631932651542,116.85631932651542,1.8873542057414474,1.8873542057414474,1,93566818
4.0,6.19154152257331,80.81724424323731,177.36267047899565,115.44725525326255,115.44725525326255,1.8645963179340952,1.8645963179340952,1,93566818
4.0,6.19154152257331,81.39472684308984,175.84855512748007,113.93313990174697,113.93313990174697,1.8401417399264153,1.8401417399264153,1,93566818
4.0,6.19154152257331,81.97220944294236,174.21364941676845,112.29823419103535,112.29823419103535,1.8137362687727288,1.8137362687727288,1,93566818
4.0,6.19154152257331,82.54969204279487,172.44444411633012,110.52902889059702,110.52902889059702,1.7851617159899023,1.7851617159899023,1,93566818
4.0,6.19154152257331,83.1271746426474,170.53954466733452,108.62412944160143,108.62412944160143,1.7543955579652706,1.7543955579652706,1,93566818
4.0,6.19154152257331,83.70465724249993,168.5068242973733,106.5914090716402,106.5914090716402,1.7215649557226744,1.7215649557226744,1,93566818
4.0,6.19154152257331,84.28213984235245,166.35684713254193,104.44143190680883,104.44143190680883,1.6868405311671268,1.6868405311671268,1,93566818
4.0,6.19154152257331,84.85962244220497,164.0993711947741,102.18395596904101,102.18395596904101,1.6503798867615704,1.6503798867615704,1,93566818
4.0,6.19154152257331,85.4371050420575,161.73986361537115,99.82444838963805,99.82444838963805,1.6122713225082161,1.6122713225082161,1,93566818
4.0,6.19154152257331,86.01458764191003,159.27660694166025,97.36119171592715,97.36119171592715,1.5724870997144211,1.5724870997144211,1,93566818
4.0,6.19154152257331,86.59207024176254,156.70202404227854,94.78660881654544,94.78660881654544,1.5309048396262797,1.5309048396262797,1,93566818
4.0,6.19154152257331,87.16955284161506,154.00437143605447,92.08895621032137,92.08895621032137,1.4873348724963025,1.4873348724963025,1,93566818
4.0,6.19154152257331,87.74703544146759,151.1702892107404,89.25487398500731,89.25487398500731,1.441561421490903,1.441561421490903,1,93566818
4.0,6.19154152257331,88.32451804132012,148.1732203507039,86.2578051249708,86.2578051249708,1.393155562479707,1.393155562479707,1,93566818
4.0,6.19154152257331,88.90200064117263,144.86907243060506,82.95365720487196,82.95365720487196,1.3397900490925725,1.3397900490925725,1,93566818
4.0,6.19154152257331,89.47948324102515,140.1291671854017,78.21375195966861,78.21375195966861,1.263235523407451,1.263235523407451,1,93566818
4.0,6.19154152257331,90.05696584087768,142.87043423046836,80.95501900473526,80.95501900473526,1.3075099102475045,1.3075099102475045,1,93566818
4.0,6.19154152257331,90.63444844073021,135.16945859559422,73.25404336986112,73.25404336986112,1.18313093924654,1.18313093924654,1,93566818
4.0,6.19154152257331,91.06397851897529,132.40103214242157,70.48561691668847,70.48561691668847,1.1384178989951028,1.1384178989951028,1,93566818
4.0,6.19154152257331,91.21193104058273,131.43457414227558,69.51915891654248,69.51915891654248,1.1228085713886828,1.1228085713886828,1,93566818
4.0,6.304984445813002,75.44876816372191,188.42500500189934,125.37516054376931,125.37516054376931,1.9885086413976507,1.9885086413976507,1,92883225
4.0,6.304984445813002,76.01173826646693,187.74075114173237,124.69090668360235,124.69090668360235,1.9776560553834002,1.9776560553834002,1,92883225
4.0,6.304984445813002,76.57470836921196,186.99744164497767,123.94759718684764,123.94759718684764,1.965866819372702,1.965866819372702,1,92883225
4.0,6.304984445813002,77.137678471957,186.18362465671115,123.13378019858112,123.13378019858112,1.952959301594336,1.952959301594336,1,92883225
4.0,6.304984445813002,77.70064857470203,185.29073310041002,122.24088864228,122.24088864228,1.9387976242107532,1.9387976242107532,1,92883225
4.0,6.304984445813002,78.26361867744706,184.3115268272418,121.26168236911178,121.26168236911178,1.9232669550777233,1.9232669550777233,1,92883225
4.0,6.304984445813002,78.82658878019208,183.2445209035692,120.19467644543917,120.19467644543917,1.9063437424537621,1.9063437424537621,1,92883225
4.0,6.304984445813002,79.38955888293711,182.09401131117417,119.04416685304415,119.04416685304415,1.8880961226176964,1.8880961226176964,1,92883225
4.0,6.304984445813002,79.95252898568214,180.86181525836915,117.81197080023912,117.81197080023912,1.8685529173426494,1.8685529173426494,1,92883225
4.0,6.304984445813002,80.51549908842716,179.54369714261207,116.49385268448205,116.49385268448205,1.8476469479927582,1.8476469479927582,1,92883225
4.0,6.304984445813002,81.0784691911722,178.13325828888296,115.08341383075293,115.08341383075293,1.8252767285917293,1.8252767285917293,1,92883225
4.0,6.304984445813002,81.64143929391723,176.61855826921882,113.5687138110888,113.5687138110888,1.8012528783716069,1.8012528783716069,1,92883225
4.0,6.304984445813002,82.20440939666226,174.98611882752644,111.93627436939641,111.93627436939641,1.7753616258915719,1.7753616258915719,1,92883225
4.0,6.304984445813002,82.7673794994073,173.22704536662772,110.1772009084977,110.1772009084977,1.7474618986834123,1.7474618986834123,1,92883225
4.0,6.304984445813002,83.33034960215232,171.33671141437767,108.28686695624765,108.28686695624765,1.7174803187366865,1.7174803187366865,1,92883225
4.0,6.304984445813002,83.89331970489735,169.32079566903482,106.2709512109048,106.2709512109048,1.685506952859764,1.685506952859764,1,92883225
4.0,6.304984445813002,84.45628980764238,167.18937374439795,104.13952928626793,104.13952928626793,1.651701604996419,1.651701604996419,1,92883225
4.0,6.304984445813002,85.0192599103874,164.95106413347875,101.90121967534873,101.90121967534873,1.616200968473745,1.616200968473745,1,92883225
4.0,6.304984445813002,85.58223001313243,162.6098782902253,99.56003383209529,99.56003383209529,1.5790686668261469,1.5790686668261469,1,92883225
4.0,6.304984445813002,86.14520011587746,160.16567058997052,97.11582613184049,97.11582613184049,1.5403023903783446,1.5403023903783446,1,92883225
4.0,6.304984445813002,86.7081702186225,157.61291648178906,94.56307202365903,94.56307202365903,1.4998145171707162,1.4998145171707162,1,92883225
4.0,6.304984445813002,87.27114032136753,154.94147866292226,91.89163420479224,91.89163420479224,1.4574442648437524,1.4574442648437524,1,92883225
4.0,6.304984445813002,87.83411042411255,152.13805495143544,89.08821049330541,89.08821049330541,1.412980654575078,1.412980654575078,1,92883225
4.0,6.304984445813002,88.39708052685758,149.1871273637947,86.13728290566468,86.13728290566468,1.3661775638933813,1.3661775638933813,1,92883225
4.0,6.304984445813002,88.9600506296026,146.02923198581357,82.97938752768354,82.97938752768354,1.316091867328686,1.316091867328686,1,92883225
4.0,6.304984445813002,89.52302073234765,142.71539243756425,79.66554797943422,79.66554797943422,1.263532823341671,1.263532823341671,1,92883225
4.0,6.304984445813002,90.08599083509267,152.35893485404878,89.30909039591876,89.30909039591876,1.4164839130606723,1.4164839130606723,1,92883225
4.0,6.304984445813002,90.6489609378377,132.56716832164992,69.51732386351989,69.51732386351989,1.1025772460023242,1.1025772460023242,1,92883225
4.0,6.304984445813002,90.95956027921657,134.35041119422746,71.30056673609744,71.30056673609744,1.130860311375495,1.130860311375495,1,92883225
4.0,6.304984445813002,91.21193104058273,132.6760776907708,69.62623323264077,69.62623323264077,1.1043045994963236,1.1043045994963236,1,92883225
4.0,6.4184273690526945,75.85610452546433,189.22143362400973,125.03715993348278,125.03715993348278,1.9480965156101346,1.9480965156101346,1,90193152
4.0,6.4184273690526945,76.40452690100427,188.52427373590442,124.34000004537747,124.34000004537747,1.937234666624092,1.937234666624092,1,90193152
4.0,6.4184273690526945,76.95294927654422,187.76675762890594,123.58248393837899,123.58248393837899,1.9254324592695158,1.9254324592695158,1,90193152
4.0,6.4184273690526945,77.50137165208416,186.9404965327504,122.75622284222344,122.75622284222344,1.9125591953273315,1.9125591953273315,1,90193152
4.0,6.4184273690526945,78.0497940276241,186.03851932294205,121.8542456324151,121.8542456324151,1.898506263698669,1.898506263698669,1,90193152
4.0,6.4184273690526945,78.59821640316405,185.05407934892565,120.8698056583987,120.8698056583987,1.8831685506201818,1.8831685506201818,1,90193152
4.0,6.4184273690526945,79.14663877870399,183.9844341890102,119.80016049848324,119.80016049848324,1.8665033287766988,1.8665033287766988,1,90193152
4.0,6.4184273690526945,79.69506115424393,182.8325176463759,118.64824395584894,118.64824395584894,1.8485563072338762,1.8485563072338762,1,90193152
4.0,6.4184273690526945,80.24348352978387,181.5991590881056,117.41488539757866,117.41488539757866,1.8293404076473656,1.8293404076473656,1,90193152
4.0,6.4184273690526945,80.79190590532382,180.28078174238433,116.09650805185738,116.09650805185738,1.8087999034098634,1.8087999034098634,1,90193152
4.0,6.4184273690526945,81.34032828086376,178.86894979762357,114.68467610709662,114.68467610709662,1.7868033633918505,1.7868033633918505,1,90193152
4.0,6.4184273690526945,81.8887506564037,177.3537006517861,113.16942696125916,113.16942696125916,1.7631955688541507,1.7631955688541507,1,90193152
4.0,6.4184273690526945,82.43717303194364,175.72393535190545,111.5396616613785,111.5396616613785,1.7378035965504866,1.7378035965504866,1,90193152
4.0,6.4184273690526945,82.98559540748359,173.97400973102987,109.78973604050292,109.78973604050292,1.7105395095669196,1.7105395095669196,1,90193152
4.0,6.4184273690526945,83.53401778302353,172.1003453951478,107.91607170462085,107.91607170462085,1.6813475560220967,1.6813475560220967,1,90193152
4.0,6.4184273690526945,84.08244015856347,170.1027835648517,105.91850987432476,105.91850987432476,1.6502252621105444,1.6502252621105444,1,90193152
4.0,6.4184273690526945,84.63086253410341,167.9905944430837,103.80632075255674,103.80632075255674,1.617317058896277,1.617317058896277,1,90193152
4.0,6.4184273690526945,85.17928490964336,165.771769876433,101.58749618590606,101.58749618590606,1.582747460471762,1.582747460471762,1,90193152
4.0,6.4184273690526945,85.7277072851833,163.45089291584614,99.26661922531919,99.26661922531919,1.546587871414522,1.546587871414522,1,90193152
4.0,6.4184273690526945,86.27612966072324,161.0279884031443,96.84371471261734,96.84371471261734,1.5088386787636212,1.5088386787636212,1,90193152
4.0,6.4184273690526945,86.82455203626319,158.4984403037025,94.31416661317554,94.31416661317554,1.4694279640511927,1.4694279640511927,1,90193152
4.0,6.4184273690526945,87.37297441180313,155.85387451840862,91.66960082788167,91.66960082788167,1.4282252576367678,1.4282252576367678,1,90193152
4.0,6.4184273690526945,87.92139678734307,153.0839582587126,88.89968456818566,88.89968456818566,1.3850695732233003,1.3850695732233003,1,90193152
4.0,6.4184273690526945,88.46981916288301,150.17920877046575,85.9949350799388,85.9949350799388,1.3398131681691199,1.3398131681691199,1,90193152
4.0,6.4184273690526945,89.01824153842296,147.15856674241513,82.97429305188818,82.97429305188818,1.2927511410654862,1.2927511410654862,1,90193152
4.0,6.4184273690526945,89.5666639139629,144.84332327868105,80.6590495881541,80.6590495881541,1.2566793226805446,1.2566793226805446,1,90193152
4.0,6.4184273690526945,90.11508628950284,148.35023385273192,84.16596016220497,84.16596016220497,1.3113174820365248,1.3113174820365248,1,90193152
4.0,6.4184273690526945,90.66350866504278,129.80437545048432,65.62010175995736,65.62010175995736,1.0223704030110778,1.0223704030110778,1,90193152
4.0,6.4184273690526945,90.9243135337795,135.8603601773809,71.67608648685395,71.67608648685395,1.1167234957343255,1.1167234957343255,1,90193152
4.0,6.4184273690526945,91.21193104058273,133.92210613082995,69.737832440303,69.737832440303,1.0865252254244282,1.0865252254244282,1,90193152
4.0,6.531870292292386,76.26463786640862,189.98262610161265,124.66392317868879,124.66392317868879,1.9085486637080402,1.9085486637080402,1,92858426
4.0,6.531870292292386,76.79846976548626,189.27106184239412,123.95235891947026,123.95235891947026,1.8976549345404818,1.8976549345404818,1,92858426
4.0,6.531870292292386,77.33230166456391,188.49934841733057,123.1806454944067,123.1806454944067,1.8858403486633835,1.8858403486633835,1,92858426
4.0,6.531870292292386,77.86613356364157,187.66128828783306,122.3425853649092,122.3425853649092,1.873010024544939,1.873010024544939,1,92858426
4.0,6.531870292292386,78.39996546271921,186.75048964117136,121.4317867182475,121.4317867182475,1.859066106403508,1.859066106403508,1,92858426
4.0,6.531870292292386,78.93379736179685,185.76067114670178,120.44196822377792,120.44196822377792,1.843912429888566,1.843912429888566,1,92858426
4.0,6.531870292292386,79.4676292608745,184.68809677984814,119.36939385692428,119.36939385692428,1.8274917981421077,1.8274917981421077,1,92858426
4.0,6.531870292292386,80.00146115995216,183.53435706725926,118.2156541443354,118.2156541443354,1.8098285614126477,1.8098285614126477,1,92858426
4.0,6.531870292292386,80.5352930590298,182.29944055071124,116.98073762778738,116.98073762778738,1.790922544279925,1.790922544279925,1,92858426
4.0,6.531870292292386,81.06912495810744,180.9796835687607,115.66098064583683,115.66098064583683,1.7707176577329913,1.7707176577329913,1,92858426
4.0,6.531870292292386,81.60295685718509,179.56664669055337,114.24794376762951,114.24794376762951,1.7490846978765362,1.7490846978765362,1,92858426
4.0,6.531870292292386,82.13678875626275,178.05093529806445,112.73223237514058,112.73223237514058,1.725879837328747,1.725879837328747,1,92858426
4.0,6.531870292292386,82.67062065534039,176.4248273535355,111.10612443061164,111.10612443061164,1.700984855160351,1.700984855160351,1,92858426
4.0,6.531870292292386,83.20445255441803,174.6841907184212,109.36548779549734,109.36548779549734,1.674336490186413,1.674336490186413,1,92858426
4.0,6.531870292292386,83.73828445349568,172.82635222222603,107.50764929930217,107.50764929930217,1.6458938173674593,1.6458938173674593,1,92858426
4.0,6.531870292292386,84.27211635257332,170.84942817985797,105.5307252569341,105.5307252569341,1.6156279983308988,1.6156279983308988,1,92858426
4.0,6.531870292292386,84.80594825165096,168.75817232302356,103.4394694000997,103.4394694000997,1.58361181057374,1.58361181057374,1,92858426
4.0,6.531870292292386,85.33978015072861,166.56073330836557,101.24203038544171,101.24203038544171,1.5499700063687334,1.5499700063687334,1,92858426
4.0,6.531870292292386,85.87361204980625,164.26170151253902,98.94299858961516,98.94299858961516,1.514772862320429,1.514772862320429,1,92858426
4.0,6.531870292292386,86.4074439488839,161.86173353411152,96.54303061118766,96.54303061118766,1.478030430657947,1.478030430657947,1,92858426
4.0,6.531870292292386,86.94127584796155,159.3573554362778,94.03865251335394,94.03865251335394,1.4396895269693222,1.4396895269693222,1,92858426
4.0,6.531870292292386,87.4751077470392,156.74160213895,91.42289921602612,91.42289921602612,1.399643519007186,1.399643519007186,1,92858426
4.0,6.531870292292386,88.00893964611684,154.00593978709375,88.68723686416989,88.68723686416989,1.3577617572844476,1.3577617572844476,1,92858426
4.0,6.531870292292386,88.54277154519448,151.14689297286594,85.82819004994208,85.82819004994208,1.3139910348682127,1.3139910348682127,1,92858426
4.0,6.531870292292386,89.07660344427214,148.2117283111515,82.89302538822763,82.89302538822763,1.2690549823997803,1.2690549823997803,1,92858426
4.0,6.531870292292386,89.61043534334979,145.56627400394663,80.24757108102277,80.24757108102277,1.228554265318388,1.228554265318388,1,92858426
4.0,6.531870292292386,90.14426724242743,144.75861648461714,79.43991356169327,79.43991356169327,1.2161893915044892,1.2161893915044892,1,92858426
4.0,6.531870292292386,90.67809914150507,127.2990520600836,61.980349137159735,61.980349137159735,0.948891303158555,0.948891303158555,1,92858426
4.0,6.531870292292386,90.88981365150538,134.09716114711807,68.77845822419421,68.77845822419421,1.0529672995091905,1.0529672995091905,1,92858426
4.0,6.531870292292386,91.21193104058273,135.16641765577393,69.84771473285006,69.84771473285006,1.0693371363370525,1.0693371363370525,1,92858426
4.0,6.645313215532079,76.67121710381025,190.71008431328397,124.25695215796318,124.25695215796318,1.869843423896674,1.869843423896674,1,90003412
4.0,6.645313215532079,77.19052831583784,189.98351260802005,123.53038045269926,123.53038045269926,1.858909827816271,1.858909827816271,1,90003412
4.0,6.645313215532079,77.70983952786543,189.19840193707188,122.74526978175109,122.74526978175109,1.847095325692983,1.847095325692983,1,90003412
4.0,6.645313215532079,78.22915073989302,188.3491229410423,121.89599078572152,121.89599078572152,1.8343152058027037,1.8343152058027037,1,90003412
4.0,6.645313215532079,78.7484619519206,187.4297428023525,120.97661064703172,120.97661064703172,1.8204801899220235,1.8204801899220235,1,90003412
4.0,6.645313215532079,79.26777316394819,186.43438705344278,119.98125489812199,119.98125489812199,1.8055018778902703,1.8055018778902703,1,90003412
4.0,6.645313215532079,79.78708437597578,185.35861555476106,118.90548339944027,118.90548339944027,1.7893134536009936,1.7893134536009936,1,90003412
4.0,6.645313215532079,80.30639558800337,184.20267142004403,117.74953926472324,117.74953926472324,1.77191857547824,1.77191857547824,1,90003412
4.0,6.645313215532079,80.82570680003096,182.96584517936088,116.5127130240401,116.5127130240401,1.7533065672768462,1.7533065672768462,1,90003412
4.0,6.645313215532079,81.34501801205855,181.64418121031594,115.19104905499515,115.19104905499515,1.7334179040012638,1.7334179040012638,1,90003412
4.0,6.645313215532079,81.86432922408613,180.22961485423886,113.77648269891807,113.77648269891807,1.712131227057718,1.712131227057718,1,90003412
4.0,6.645313215532079,82.38364043611372,178.71408957032304,112.26095741500225,112.26095741500225,1.689325300011667,1.689325300011667,1,90003412
4.0,6.645313215532079,82.90295164814131,177.09265453199663,110.63952237667584,110.63952237667584,1.6649256218364288,1.6649256218364288,1,90003412
4.0,6.645313215532079,83.4222628601689,175.36183255428898,108.9087003989682,108.9087003989682,1.6388798671583467,1.6388798671583467,1,90003412
4.0,6.645313215532079,83.94157407219649,173.51919684740696,107.06606469208617,107.06606469208617,1.611151517160107,1.611151517160107,1,90003412
4.0,6.645313215532079,84.46088528422408,171.56344833270614,105.11031617738536,105.11031617738536,1.5817210230469076,1.5817210230469076,1,90003412
4.0,6.645313215532079,84.98019649625166,169.49497549917515,103.04184334385437,103.04184334385437,1.5505942308786116,1.5505942308786116,1,90003412
4.0,6.645313215532079,85.49950770827925,167.32058252727626,100.86745037195547,100.86745037195547,1.517873531321265,1.517873531321265,1,90003412
4.0,6.645313215532079,86.01881892030684,165.04516078356627,98.59202862824549,98.59202862824549,1.4836325306353735,1.4836325306353735,1,90003412
4.0,6.645313215532079,86.53813013233443,162.66987188464708,96.21673972932629,96.21673972932629,1.4478887090594779,1.4478887090594779,1,90003412
4.0,6.645313215532079,87.05744134436202,160.19220451331796,93.73907235799717,93.73907235799717,1.4106042757909592,1.4106042757909592,1,90003412
4.0,6.645313215532079,87.57675255638961,157.60642070985978,91.15328855453899,91.15328855453899,1.3716928848663832,1.3716928848663832,1,90003412
4.0,6.645313215532079,88.0960637684172,154.90571252402614,88.45258036870536,88.45258036870536,1.3310520888912398,1.3310520888912398,1,90003412
4.0,6.645313215532079,88.61537498044478,152.08712491962063,85.63399276429985,85.63399276429985,1.2886374198908739,1.2886374198908739,1,90003412
4.0,6.645313215532079,89.13468619247237,149.1746669010932,82.7215347457724,82.7215347457724,1.2448101701576308,1.2448101701576308,1,90003412
4.0,6.645313215532079,89.65399740449996,146.30844037872745,79.85530822340667,79.85530822340667,1.201678621208719,1.201678621208719,1,90003412
4.0,6.645313215532079,90.17330861652755,141.66259922559806,75.20946707027727,75.20946707027727,1.131767075997115,1.131767075997115,1,90003412
4.0,6.645313215532079,90.69261982855514,131.68015440652567,65.22702225120489,65.22702225120489,0.9815492533707799,0.9815492533707799,1,90003412
4.0,6.645313215532079,90.88025403891493,131.29435214498918,64.84121998966839,64.84121998966839,0.9757436239139958,0.9757436239139958,1,90003412
4.0,6.645313215532079,91.21193104058273,136.40279087941127,69.94965872409048,69.94965872409048,1.0526164298862133,1.0526164298862133,1,90003412
4.0,6.758756138771771,77.07882004478661,191.39719869638301,123.8096373086653,123.8096373086653,1.8318405749014715,1.8318405749014715,1,96937264
4.0,6.758756138771771,77.58357400892218,190.6567695053342,123.0692081176165,123.0692081176165,1.8208854645846289,1.8208854645846289,1,96937264
4.0,6.758756138771771,78.08832797305776,189.85864364813042,122.27108226041271,122.27108226041271,1.8090766962134,1.8090766962134,1,96937264
4.0,6.758756138771771,78.59308193719333,188.99830316276248,121.41074177504477,121.41074177504477,1.7963474237303674,1.7963474237303674,1,96937264
4.0,6.758756138771771,79.0978359013289,188.07020461832454,120.48264323060683,120.48264323060683,1.7826156286281016,1.7826156286281016,1,96937264
4.0,6.758756138771771,79.6025898654645,187.06881460418947,119.48125321647176,119.48125321647176,1.7677994406554276,1.7677994406554276,1,96937264
4.0,6.758756138771771,80.10734382960007,185.98930783941844,118.40174645170073,118.40174645170073,1.7518274667802585,1.7518274667802585,1,96937264
4.0,6.758756138771771,80.61209779373564,184.83060729104002,117.24304590332231,117.24304590332231,1.7346837716300294,1.7346837716300294,1,96937264
4.0,6.758756138771771,81.11685175787122,183.59140088919557,116.00383950147786,116.00383950147786,1.7163489423152727,1.7163489423152727,1,96937264
4.0,6.758756138771771,81.62160572200679,182.26717797919054,114.67961659147282,114.67961659147282,1.6967562408948353,1.6967562408948353,1,96937264
4.0,6.758756138771771,82.12635968614237,180.8506983774347,113.26313698971698,113.26313698971698,1.675798544350198,1.675798544350198,1,96937264
4.0,6.758756138771771,82.63111365027794,179.3364263427203,111.74886495500259,111.74886495500259,1.6533939479477957,1.6533939479477957,1,96937264
4.0,6.758756138771771,83.13586761441351,177.72056817779875,110.13300679008104,110.13300679008104,1.6294863215777284,1.6294863215777284,1,96937264
4.0,6.758756138771771,83.64062157854909,176.0000988060421,108.41253741832439,108.41253741832439,1.6040309073501438,1.6040309073501438,1,96937264
4.0,6.758756138771771,84.14537554268466,174.17281749447127,106.58525610675356,106.58525610675356,1.5769951440520928,1.5769951440520928,1,96937264
4.0,6.758756138771771,84.65012950682024,172.23741140099096,104.64985001327325,104.64985001327325,1.5483596073683856,1.5483596073683856,1,96937264
4.0,6.758756138771771,85.15488347095582,170.19363503820182,102.6060736504841,102.6060736504841,1.5181206651602923,1.5181206651602923,1,96937264
4.0,6.758756138771771,85.6596374350914,168.0441529132899,100.4565915255722,100.4565915255722,1.4863177404685528,1.4863177404685528,1,96937264
4.0,6.758756138771771,86.16439139922697,165.79435192594644,98.20679053822873,98.20679053822873,1.4530305358239375,1.4530305358239375,1,96937264
4.0,6.758756138771771,86.66914536336255,163.44580974550718,95.85824835778946,95.85824835778946,1.418282393825341,1.418282393825341,1,96937264
4.0,6.758756138771771,87.17389932749812,160.99682089728606,93.40925950956834,93.40925950956834,1.3820480809142355,1.3820480809142355,1,96937264
4.0,6.758756138771771,87.6786532916337,158.44265632247104,90.85509493475332,90.85509493475332,1.3442576277247351,1.3442576277247351,1,96937264
4.0,6.758756138771771,88.18340725576927,155.77671282205432,88.18915143433661,88.18915143433661,1.304813335821326,1.304813335821326,1,96937264
4.0,6.758756138771771,88.68816121990486,152.99752960987482,85.4099682221571,85.4099682221571,1.2636935919643664,1.2636935919643664,1,96937264
4.0,6.758756138771771,89.19291518404043,150.11552684876338,82.52796546104567,82.52796546104567,1.2210525689427076,1.2210525689427076,1,96937264
4.0,6.758756138771771,89.697669148176,147.06870189713482,79.4811405094171,79.4811405094171,1.1759728991178062,1.1759728991178062,1,96937264
4.0,6.758756138771771,90.20242311231158,140.68696185600712,73.0994004682894,73.0994004682894,1.0815510867295963,1.0815510867295963,1,96937264
4.0,6.758756138771771,90.57700982250333,150.4278809793376,82.84031959161989,82.84031959161989,1.225674042541709,1.225674042541709,1,96937264
4.0,6.758756138771771,90.94297524877481,131.27702400968272,63.689462621965006,63.689462621965006,0.9423252047312202,0.9423252047312202,1,96937264
4.0,6.758756138771771,90.95159653269508,131.57084178580718,63.98328039808946,63.98328039808946,0.9466724214393207,0.9466724214393207,1,96937264
4.0,6.758756138771771,91.0817637866389,136.03319492664144,68.44563353892373,68.44563353892373,1.012695711068545,1.012695711068545,1,96937264
4.0,6.758756138771771,91.21193104058273,137.62502483601253,70.03746344829482,70.03746344829482,1.0362478244557927,1.0362478244557927,1,96937264
4.0,6.872199062011464,77.48605246918468,192.0443976073113,123.32240698719667,123.32240698719667,1.7945115657214492,1.7945115657214492,1,97545046
4.0,6.872199062011464,77.97626241816319,191.29041083880588,122.56842021869124,122.56842021869124,1.7835400155422154,1.7835400155422154,1,97545046
4.0,6.872199062011464,78.46647236714169,190.48058268518773,121.75859206507309,121.75859206507309,1.7717558959858601,1.7717558959858601,1,97545046
4.0,6.872199062011464,78.9566823161202,189.60970863938525,120.88771801927061,120.88771801927061,1.7590834742771155,1.7590834742771155,1,97545046
4.0,6.872199062011464,79.4468922650987,188.67269091899593,119.95070029888129,119.95070029888129,1.7454485706322398,1.7454485706322398,1,97545046
4.0,6.872199062011464,79.93710221407719,187.66475729905122,118.94276667893658,118.94276667893658,1.7307817425783725,1.7307817425783725,1,97545046
4.0,6.872199062011464,80.42731216305569,186.580929581109,117.85893896099435,117.85893896099435,1.7150105504437692,1.7150105504437692,1,97545046
4.0,6.872199062011464,80.91752211203419,185.41876921939652,116.69677859928188,116.69677859928188,1.6980995100151424,1.6980995100151424,1,97545046
4.0,6.872199062011464,81.4077320610127,184.17606821983497,115.45407759972034,115.45407759972034,1.6800164919251832,1.6800164919251832,1,97545046
4.0,6.872199062011464,81.8979420099912,182.84884835330448,114.12685773318984,114.12685773318984,1.6607036074386556,1.6607036074386556,1,97545046
4.0,6.872199062011464,82.3881519589697,181.43127863595333,112.7092880158387,112.7092880158387,1.6400760076767793,1.6400760076767793,1,97545046
4.0,6.872199062011464,82.8783619079482,179.91935698469678,111.19736636458214,111.19736636458214,1.6180754567961413,1.6180754567961413,1,97545046
4.0,6.872199062011464,83.3685718569267,178.30993083953473,109.58794021942009,109.58794021942009,1.594656080689027,1.594656080689027,1,97545046
4.0,6.872199062011464,83.85878180590521,176.60036491676368,107.87837429664904,107.87837429664904,1.5697795323331845,1.5697795323331845,1,97545046
4.0,6.872199062011464,84.34899175488371,174.78866412737784,106.0666735072632,106.0666735072632,1.5434167804245462,1.5434167804245462,1,97545046
4.0,6.872199062011464,84.83920170386222,172.8735265556104,104.15153593549576,104.15153593549576,1.5155488802882704,1.5155488802882704,1,97545046
4.0,6.872199062011464,85.3294116528407,170.854305446456,102.13231482634137,102.13231482634137,1.4861664207446237,1.4861664207446237,1,97545046
4.0,6.872199062011464,85.81962160181921,168.73185732321812,100.00986670310348,100.00986670310348,1.4552818653921678,1.4552818653921678,1,97545046
4.0,6.872199062011464,86.30983155079771,166.50960233798114,97.7876117178665,97.7876117178665,1.4229449821735005,1.4229449821735005,1,97545046
4.0,6.872199062011464,86.80004149977621,164.18970265191808,95.46771203180344,95.46771203180344,1.3891872335237687,1.3891872335237687,1,97545046
4.0,6.872199062011464,87.29025144875472,161.7707721107393,93.04878149062466,93.04878149062466,1.3539884489811282,1.3539884489811282,1,97545046
4.0,6.872199062011464,87.78046139773322,159.24919736142107,90.52720674130643,90.52720674130643,1.3172960492621337,1.3172960492621337,1,97545046
4.0,6.872199062011464,88.27067134671172,156.62062092957729,87.89863030946265,87.89863030946265,1.2790466270884633,1.2790466270884633,1,97545046
4.0,6.872199062011464,88.76088129569021,153.88274588206448,85.16075526194984,85.16075526194984,1.2392067589064226,1.2392067589064226,1,97545046
4.0,6.872199062011464,89.25109124466871,151.0347158780293,82.31272525791465,82.31272525791465,1.197763983772351,1.197763983772351,1,97545046
4.0,6.872199062011464,89.74130119364722,147.84674121897532,79.12475059886069,79.12475059886069,1.151374543794155,1.151374543794155,1,97545046
4.0,6.872199062011464,90.23151114262572,142.56900599512255,73.84701537500791,73.84701537500791,1.0745761976428139,1.0745761976428139,1,97545046
4.0,6.872199062011464,90.6500712889635,151.34934786156276,82.62735724144812,82.62735724144812,1.202342314241163,1.202342314241163,1,97545046
4.0,6.872199062011464,91.03678707857206,132.8465132541815,64.12452263406686,64.12452263406686,0.9331004829085653,0.9331004829085653,1,97545046
4.0,6.872199062011464,91.06863143530128,133.96188142479548,65.23989080468084,65.23989080468084,0.9493306322472184,0.9493306322472184,1,97545046
4.0,6.872199062011464,91.140281237942,136.48322910059818,67.76123848048354,67.76123848048354,0.9860197277325391,0.9860197277325391,1,97545046
4.0,6.872199062011464,91.21193104058273,138.8269389803252,70.10494836021056,70.10494836021056,1.0201239476274881,1.0201239476274881,1,97545046
4.0,6.9856419852511555,77.8941246610703,192.64989484477167,122.79347499226012,122.79347499226012,1.7577979984017935,1.7577979984017935,1,87252604
4.0,6.9856419852511555,78.36976060319574,191.88180006734117,122.02538021482962,122.02538021482962,1.7468026628399056,1.7468026628399056,1,87252604
4.0,6.9856419852511555,78.84539654532118,191.0592289113295,121.20280905881796,121.20280905881796,1.735027493746666,1.735027493746666,1,87252604
4.0,6.9856419852511555,79.32103248744662,190.1774770639352,120.32105721142366,120.32105721142366,1.7224051485240517,1.7224051485240517,1,87252604
4.0,6.9856419852511555,79.79666842957207,189.23163059084268,119.37521073833113,119.37521073833113,1.708865283826011,1.708865283826011,1,87252604
4.0,6.9856419852511555,80.27230437169752,188.21670179275102,118.36028194023947,118.36028194023947,1.6943365003550788,1.6943365003550788,1,87252604
4.0,6.9856419852511555,80.74794031382295,187.12773912391773,117.27131927140618,117.27131927140618,1.6787479163547476,1.6787479163547476,1,87252604
4.0,6.9856419852511555,81.2235762559484,185.96150219965506,116.10508234714351,116.10508234714351,1.6620531454700533,1.6620531454700533,1,87252604
4.0,6.9856419852511555,81.69921219807385,184.71565857097633,114.85923871846478,114.85923871846478,1.6442187985151266,1.6442187985151266,1,87252604
4.0,6.9856419852511555,82.17484814019929,183.38591200106387,113.52949214855232,113.52949214855232,1.6251833745309034,1.6251833745309034,1,87252604
4.0,6.9856419852511555,82.65048408232474,181.96822469116404,112.11180483865249,112.11180483865249,1.604889072118999,1.604889072118999,1,87252604
4.0,6.9856419852511555,83.12612002445019,180.4596345971723,110.60321474466076,110.60321474466076,1.5832934893912152,1.5832934893912152,1,87252604
4.0,6.9856419852511555,83.60175596657562,178.8574510978515,109.00103124533996,109.00103124533996,1.5603581098984856,1.5603581098984856,1,87252604
4.0,6.9856419852511555,84.07739190870106,177.15937625203713,107.30295639952558,107.30295639952558,1.5360500384370575,1.5360500384370575,1,87252604
4.0,6.9856419852511555,84.55302785082651,175.3636036479544,105.50718379544284,105.50718379544284,1.5103434160840343,1.5103434160840343,1,87252604
4.0,6.9856419852511555,85.02866379295196,173.4688620071986,103.61244215468705,103.61244215468705,1.4832200443916947,1.4832200443916947,1,87252604
4.0,6.9856419852511555,85.5042997350774,171.47438377121878,101.61796391870723,101.61796391870723,1.4546689357006,1.4546689357006,1,87252604
4.0,6.9856419852511555,85.97993567720283,169.37987581956102,99.52345596704947,99.52345596704947,1.4246858939690037,1.4246858939690037,1,87252604
4.0,6.9856419852511555,86.45557161932828,167.18693599695501,97.33051614444346,97.33051614444346,1.3932937924665794,1.3932937924665794,1,87252604
4.0,6.9856419852511555,86.93120756145373,164.89751839725622,95.04109854474467,95.04109854474467,1.3605206041965183,1.3605206041965183,1,87252604
4.0,6.9856419852511555,87.40684350357917,162.51113298184453,92.65471312933298,92.65471312933298,1.3263593142184449,1.3263593142184449,1,87252604
4.0,6.9856419852511555,87.88247944570462,160.02492124252555,90.168501390014,90.168501390014,1.2907690027686434,1.2907690027686434,1,87252604
4.0,6.9856419852511555,88.35811538783007,157.4355349148467,87.57911506233515,87.57911506233515,1.2537017391850551,1.2537017391850551,1,87252604
4.0,6.9856419852511555,88.8337513299555,154.74067848477682,84.88425863226527,84.88425863226527,1.215124663008527,1.215124663008527,1,87252604
4.0,6.9856419852511555,89.30938727208095,151.9306893247487,82.07426947223715,82.07426947223715,1.1748994529854413,1.1748994529854413,1,87252604
4.0,6.9856419852511555,89.7850232142064,148.79195249788242,78.93553264537087,78.93553264537087,1.1299681949350986,1.1299681949350986,1,87252604
4.0,6.9856419852511555,90.26065915633184,144.27154638555814,74.41512653304659,74.41512653304659,1.0652582352511033,1.0652582352511033,1,87252604
4.0,6.9856419852511555,90.73629509845728,149.9223992302667,80.06597937775516,80.06597937775516,1.1461506264821348,1.1461506264821348,1,87252604
4.0,6.9856419852511555,91.21193104058273,137.92229341726068,68.06587356474913,68.06587356474913,0.974368192765349,0.974368192765349,1,87252604
4.0,7.099084908490848,78.3020484864845,193.21308738273785,122.22223829782936,122.22223829782936,1.721661874358562,1.721661874358562,1,90718573
4.0,7.099084908490848,78.76311572055943,192.43233931149322,121.44149022658473,121.44149022658473,1.7106640051781157,1.7106640051781157,1,90718573
4.0,7.099084908490848,79.22418295463437,191.5970038396077,120.60615475469922,120.60615475469922,1.6988972002637752,1.6988972002637752,1,90718573
4.0,7.099084908490848,79.6852501887093,190.70392573388887,119.71307664898038,119.71307664898038,1.6863170139829957,1.6863170139829957,1,90718573
4.0,7.099084908490848,80.14631742278424,189.74849911030023,118.75765002539174,118.75765002539174,1.6728585663675024,1.6728585663675024,1,90718573
4.0,7.099084908490848,80.60738465685918,188.72594703914604,117.73509795423755,117.73509795423755,1.658454568044688,1.658454568044688,1,90718573
4.0,7.099084908490848,81.06845189093411,187.631405632646,116.6405565477375,116.6405565477375,1.6430365047223165,1.6430365047223165,1,90718573
4.0,7.099084908490848,81.52951912500905,186.4608590644761,115.4700099795676,115.4700099795676,1.6265478081753872,1.6265478081753872,1,90718573
4.0,7.099084908490848,81.99058635908399,185.2114403681679,114.22059128325941,114.22059128325941,1.6089480933894178,1.6089480933894178,1,90718573
4.0,7.099084908490848,82.45165359315894,183.87963583272384,112.88878674781535,112.88878674781535,1.590187865097865,1.590187865097865,1,90718573
4.0,7.099084908490848,82.91272082723387,182.46279916117248,111.471950076264,111.471950076264,1.570229846707963,1.570229846707963,1,90718573
4.0,7.099084908490848,83.3737880613088,180.9584505239819,109.9676014390734,109.9676014390734,1.549039106540997,1.549039106540997,1,90718573
4.0,7.099084908490848,83.83485529538373,179.36428895744302,108.37343987253453,108.37343987253453,1.5265832324799307,1.5265832324799307,1,90718573
4.0,7.099084908490848,84.29592252945866,177.67830778883555,106.68745870392706,106.68745870392706,1.5028339578855254,1.5028339578855254,1,90718573
4.0,7.099084908490848,84.75698976353361,175.8988732146796,104.90802412977112,104.90802412977112,1.4777682684749418,1.4777682684749418,1,90718573
4.0,7.099084908490848,85.21805699760856,174.02464242141122,103.03379333650273,103.03379333650273,1.4513672489431606,1.4513672489431606,1,90718573
4.0,7.099084908490848,85.67912423168349,172.05494082317546,101.06409173826697,101.06409173826697,1.4236213968562261,1.4236213968562261,1,90718573
4.0,7.099084908490848,86.14019146575842,169.98941006500843,98.99856098009994,98.99856098009994,1.3945256643105208,1.3945256643105208,1,90718573
4.0,7.099084908490848,86.60125869983335,167.82750375912536,96.83665467421687,96.83665467421687,1.364072354711458,1.364072354711458,1,90718573
4.0,7.099084908490848,87.06232593390828,165.57066421883582,94.57981513392733,94.57981513392733,1.3322817849495685,1.3322817849495685,1,90718573
4.0,7.099084908490848,87.52339316798323,163.21887021009877,92.22802112519028,92.22802112519028,1.2991536559153012,1.2991536559153012,1,90718573
4.0,7.099084908490848,87.98446040205818,160.77005089602386,89.77920181111537,89.77920181111537,1.2646587971322205,1.2646587971322205,1,90718573
4.0,7.099084908490848,88.44552763613311,158.2216889593082,87.23083987439972,87.23083987439972,1.2287617488567775,1.2287617488567775,1,90718573
4.0,7.099084908490848,88.90659487020804,155.57161526220142,84.58076617729293,84.58076617729293,1.191431955914913,1.191431955914913,1,90718573
4.0,7.099084908490848,89.36766210428299,152.8037756382282,81.8129265533197,81.8129265533197,1.1524432741390018,1.1524432741390018,1,90718573
4.0,7.099084908490848,89.82872933835792,149.76352961196696,78.77268052705847,78.77268052705847,1.1096173879092859,1.1096173879092859,1,90718573
4.0,7.099084908490848,90.28979657243285,145.79936168758366,74.80851260267517,74.80851260267517,1.0537768397895984,1.0537768397895984,1,90718573
4.0,7.099084908490848,90.7508638065078,154.18366359162678,83.19281450671829,83.19281450671829,1.1718808209663145,1.1718808209663145,1,90718573
4.0,7.099084908490848,91.21193104058273,137.24760323653092,66.25675415162243,66.25675415162243,0.9333140116746054,0.9333140116746054,1,90718573
