comb_num,m,m_comb_num,gross_delta,delta,iota,kappa,lambda,sigmah,sigmal,mu_b,c,p,vb,cvml_vb,cvmh_vb,debt_diff,eq_deriv,eq_min_val,sg_debt,debt,sg_equity,equity,firm_value,leverage,ROE,V0,r,alpha,pi,xi,abs_debt_diff,debt_per_diff,abs_debt_per_diff,eq_deriv_min_val,eq_negative,eq_vb
1,1.0,1,0.02,0.02,0.0,0.001,0.1,0.2,0.15,1.0,4.233123312331233,52.20808519804447,56.2165087731783,55.02152963299572,55.91876867468372,0.002077935323356428,-0.00015183449299010016,0.0009949729932796714,52.20808443753434,52.21016313336783,58.407730496630606,58.402074169659684,110.61223730302751,47.20107323237264,22.20605467359775,100.0,0.08,0.6,0.27,1.0,0.002077935323356428,3.980102536750879e-5,3.980102536750879e-5,-0.00015183449299010016,false,0.0
2,1.0,2,0.02,0.02,0.0,0.0025,0.1,0.2,0.15,1.0,4.241524152415241,51.37781037968093,55.64076576105182,54.49427786925692,55.31478570437153,0.0013890780352525667,-0.00016731986750915647,0.0009839298747050266,51.3778101894665,51.37919945771618,58.516786103033404,58.51310025021651,109.8922997079327,46.75413982077883,20.34581824569035,100.0,0.08,0.6,0.27,1.0,0.0013890780352525667,2.7036536298205575e-5,2.7036536298205575e-5,-0.00016731986750915647,false,0.0
3,1.0,3,0.02,0.02,0.0,0.003,0.1,0.2,0.15,1.0,4.244674467446744,51.11029690773946,55.456591290030474,54.32575989860719,55.12132048037754,0.001225886841382362,-0.00016547790188477517,0.0009806380349694473,51.110296174733485,51.11152279458084,58.547425114593594,58.543890793764675,109.65541358834551,46.611034623841974,19.74987592224542,100.0,0.08,0.6,0.27,1.0,0.001225886841382362,2.3985124633402982e-5,2.3985124633402982e-5,-0.00016547790188477517,false,0.0
4,1.0,4,0.02,0.02,0.0,0.004,0.1,0.2,0.15,1.0,4.248874887488749,50.5605103782238,55.06856667838935,53.969452475307584,54.715528361986365,0.0008715237033598555,-0.00012211974615006598,0.0009177951791627119,50.56050931488511,50.56138190192716,58.62785722114298,58.62665460432502,109.18803650625219,46.30670494659182,18.584735697963083,100.0,0.08,0.6,0.27,1.0,0.0008715237033598555,1.7237241017551458e-5,1.7237241017551458e-5,-0.00012211974615006598,false,0.0
5,1.0,5,0.02,0.02,0.0,0.005,0.1,0.2,0.15,1.0,4.253075307530753,50.02742992305627,54.69490159383435,53.6264615801688,54.324072986858845,0.00036160117976891115,-0.00017717316149974474,0.0009085316308539295,50.02743017008197,50.02779152423604,58.69441734102543,58.69471215864354,108.72250368287958,46.014201135540866,17.45470922524848,100.0,0.08,0.6,0.27,1.0,0.00036160117976891115,7.2280582937213634e-6,7.2280582937213634e-6,-0.00017717316149974474,false,0.0
6,1.0,6,0.02,0.02,0.0,0.001,0.2,0.2,0.15,1.0,4.0850585058505855,50.386811330183804,54.62218523832456,53.102486645675484,53.9683065963652,0.0018142639321112597,-0.00016720055322287961,0.0009228117405091391,50.38675559415535,50.388625594115915,59.53971205717062,59.54045951641345,109.92908511052937,45.837391936312514,20.013727153166183,100.0,0.08,0.6,0.27,1.0,0.0018142639321112597,3.600672247788063e-5,3.600672247788063e-5,-0.00016720055322287961,false,0.0
7,1.0,7,0.02,0.02,0.0,0.0025,0.2,0.2,0.15,1.0,4.0861086108610865,49.49377589822867,53.95006773115467,52.495845083351995,53.28630160088036,0.0013974973568551263,-0.0002235329763646566,0.0009113505858175151,49.4937191835539,49.495173395585525,59.75292717291677,59.75279243227462,109.24796582786014,45.30535010013284,18.31105351632234,100.0,0.08,0.6,0.27,1.0,0.0013974973568551263,2.823582019138575e-5,2.823582019138575e-5,-0.0002235329763646566,false,0.0
8,1.0,8,0.02,0.02,0.0,0.003,0.2,0.2,0.15,1.0,4.084008400840084,49.17510867705507,53.70094297160254,52.26877686697624,53.034230240143955,0.0012037787349186146,-0.00022882337874687969,0.0009083948567044531,49.17504915204888,49.17631245578999,59.84677903579482,59.84676770145206,109.02308015724205,45.10633196646423,17.753690440885748,100.0,0.08,0.6,0.27,1.0,0.0012037787349186146,2.4479432121322256e-5,2.4479432121322256e-5,-0.00022882337874687969,false,0.0
9,1.0,9,0.02,0.02,0.0,0.004,0.2,0.2,0.15,1.0,4.078757875787579,48.534817673801456,53.19533934038375,51.807073706296016,52.52329232450107,0.0008915488618939094,-0.00031781102438634357,0.0008981221744485364,48.53478149829613,48.53570922266335,60.042220474127866,60.04172241059048,108.57743163325384,44.70147110000196,16.66676350474663,100.0,0.08,0.6,0.27,1.0,0.0008915488618939094,1.836926364668631e-5,1.836926364668631e-5,-0.00031781102438634357,false,0.0
10,1.0,10,0.02,0.02,0.0,0.005,0.2,0.2,0.15,1.0,4.072457245724572,47.895675499041296,52.68623555259059,51.34076338283836,52.00883275578105,0.000644101398869168,-0.00018109772790791758,0.0008461347314112674,47.895660414470434,47.896319600440165,60.24090619086476,60.24263316021301,108.13895276065318,44.29145869985477,15.620686865571077,100.0,0.08,0.6,0.27,1.0,0.000644101398869168,1.3448007406891268e-5,1.3448007406891268e-5,-0.00018109772790791758,false,0.0
11,1.0,11,0.02,0.02,0.0,0.001,0.3,0.2,0.15,1.0,3.9884488448844886,49.25202053298932,53.528647982370714,51.910964933311696,52.7558890996105,-0.00046968997704510684,-0.00030060583450950654,0.0009122492572372129,49.25226090233312,49.251550843012275,60.33736681047941,60.335672432249694,109.58722327526198,44.94278563779454,18.89165764574281,100.0,0.08,0.6,0.27,1.0,0.00046968997704510684,-9.536461082454586e-6,9.536461082454586e-6,-0.00030060583450950654,false,0.0
12,1.0,12,0.02,0.02,0.0,0.0025,0.3,0.2,0.15,1.0,3.982148214821482,48.26778222496597,52.74105922674819,51.198116732327236,51.96816359905903,2.7336507677944155e-5,-0.00021357107115924865,0.0008546634217381669,48.2681060440738,48.26780956147365,60.66448249030872,60.66399249751932,108.93180205899296,44.31011756817701,17.265462728872215,100.0,0.08,0.6,0.27,1.0,2.7336507677944155e-5,5.66351019620799e-7,5.66351019620799e-7,-0.00021357107115924865,false,0.0
13,1.0,13,0.02,0.02,0.0,0.003,0.3,0.2,0.15,1.0,3.977947794779478,47.92212264662148,52.456852082583474,50.93887638512641,51.68422211526482,0.0002002495124457937,-0.00021121982284585882,0.0008526948548199924,47.922501298751435,47.92232289613393,60.79320970259623,60.792837074168105,108.71515997030204,44.080625838406505,16.73492454918857,100.0,0.08,0.6,0.27,1.0,0.0002002495124457937,4.178644462859813e-6,4.178644462859813e-6,-0.00021121982284585882,false,0.0
14,1.0,14,0.02,0.02,0.0,0.004,0.3,0.2,0.15,1.0,3.9663966396639663,47.20400329380779,51.85452643990626,50.38703318331884,51.083455723097444,0.000612961261388989,-0.00033074978759483617,0.0008422087715034323,47.204521532520666,47.204616255069176,61.0817964025192,61.080877608393486,108.28549386346266,43.592742269421194,15.693595302748786,100.0,0.08,0.6,0.27,1.0,0.000612961261388989,1.2985366041388213e-5,1.2985366041388213e-5,-0.00033074978759483617,false,0.0
15,1.0,15,0.02,0.02,0.0,0.005,0.3,0.2,0.15,1.0,3.9516951695169515,46.45712169957454,51.21497538950535,49.797256889236294,50.4457285436441,0.0013806583706070796,-0.0002850951473926358,0.0008407923468919072,46.45781705150257,46.45850235794515,61.403768141352565,61.40376303004483,107.86226538798998,43.07206249639748,14.684433073860204,100.0,0.08,0.6,0.27,1.0,0.0013806583706070796,2.9718982151658436e-5,2.9718982151658436e-5,-0.0002850951473926358,false,0.0
16,1.0,16,0.02,0.02,0.0,0.001,0.5,0.2,0.15,1.0,3.862436243624362,47.671200470497,51.855381738156545,50.242876125209925,51.06128801405697,0.0005204100936495593,-0.0003708792531128558,0.0008564895560111778,47.67167792805924,47.67172088059065,61.61356124464878,61.61881110275413,109.29053198334478,43.61925961514721,17.754323550645434,100.0,0.08,0.6,0.27,1.0,0.0005204100936495593,1.0916655937196996e-5,1.0916655937196996e-5,-0.0003708792531128558,false,0.0
17,1.0,17,0.02,0.02,0.0,0.0025,0.5,0.2,0.15,1.0,3.84983498349835,46.55870851643055,50.90672985500406,49.37696570798511,50.12237209073157,0.004253427624838935,-0.00047504433794406475,0.0008456331921508211,46.55898290070966,46.56296194405539,62.093814533436294,62.10691150410655,108.66987344816194,42.84808702410701,16.224464834830886,100.0,0.08,0.6,0.27,1.0,0.004253427624838935,9.13562201438191e-5,9.13562201438191e-5,-0.00047504433794406475,false,0.0
18,1.0,18,0.02,0.02,0.0,0.003,0.5,0.2,0.15,1.0,3.8424842484248423,46.1500874810485,50.54578292136789,49.0441663123789,49.76546301539212,0.0058510932141828675,-0.0005132557775083422,0.0008420765535125923,46.15029378635586,46.155938574262684,62.29471059013576,62.3106902278266,108.46662880208928,42.5531235588412,15.724350240121844,100.0,0.08,0.6,0.27,1.0,0.0058510932141828675,0.00012678401133227785,0.00012678401133227785,-0.0005132557775083422,false,0.0
19,1.0,19,0.02,0.02,0.0,0.004,0.5,0.2,0.15,1.0,3.8225322532253228,45.271732202315,49.7510821337929,48.30682301044798,48.98031371175049,0.0095841225238118,-0.00047072381578736077,0.0007907323469814721,45.27178589649388,45.28131632483881,62.761345911739085,62.783967285184545,108.06528361002336,41.9018160246968,14.739542453000354,100.0,0.08,0.6,0.27,1.0,0.0095841225238118,0.00021170213856587774,0.00021170213856587774,-0.00047072381578736077,false,0.0
20,1.0,20,0.02,0.02,0.0,0.005,0.5,0.2,0.15,1.0,3.7217221722172216,42.99658513165314,47.37981876999828,46.026673369497594,46.64621471533427,0.032579922727720145,-0.00038085217903712567,0.0007547288184538341,42.9965851483341,43.02916505438086,64.66591111761174,64.71109553491017,107.74026058929104,39.93786985387874,13.58635624118798,100.0,0.08,0.6,0.27,1.0,0.032579922727720145,0.0007577327973363987,0.0007577327973363987,-0.00038085217903712567,false,0.0
21,1.0,21,0.02,0.02,0.0,0.001,0.75,0.2,0.15,1.0,3.7143714371437144,45.37445522053993,49.276752238135764,47.78567027660433,48.57617316955407,0.019005611709502546,-0.0004977947047139792,0.0008129714631968783,45.374909462597316,45.39346083224943,63.797973089800465,63.831644763929475,109.2251055961789,41.55954858956663,16.893774512681546,100.0,0.08,0.6,0.27,1.0,0.019005611709502546,0.00041886148532531935,0.00041886148532531935,-0.0004977947047139792,false,0.0
22,1.0,22,0.02,0.02,0.0,0.0025,0.75,0.2,0.15,1.0,3.687068706870687,43.88642064267086,47.88695622904489,46.487185676415514,47.20739745375063,0.032327689258337955,-0.0008523401925115981,0.0007939477031853618,43.88662945665811,43.9187483319292,64.68382769377087,64.72976572889655,108.64851406082576,40.42277863767353,15.421399850370454,100.0,0.08,0.6,0.27,1.0,0.032327689258337955,0.0007366216880969707,0.0007366216880969707,-0.0008523401925115981,false,0.0
23,1.0,23,0.02,0.02,0.0,0.003,0.75,0.2,0.15,1.0,3.6618661866186617,43.06713854887644,47.057635023991104,45.69513355400966,46.39121546596634,0.04246554875653885,-0.0006814234860401821,0.0007560440351086348,43.06726506204495,43.10960409763298,65.31583838296265,65.36661227816592,108.4762163757989,39.7410654039467,14.899204411137234,100.0,0.08,0.6,0.27,1.0,0.04246554875653885,0.000986031349827088,0.000986031349827088,-0.0006814234860401821,false,0.0
24,1.0,24,0.02,0.02,0.0,0.004,0.75,0.2,0.15,1.0,3.6881188118811883,43.050104956482166,47.21357642580627,45.88554024493364,46.54200777515179,0.03497249773550237,-0.000591058755252621,0.0007525854679463846,43.04442007891922,43.08507745421767,64.90411299429068,64.9529523951544,108.03802984937207,39.87954752070859,14.122886388725696,100.0,0.08,0.6,0.27,1.0,0.03497249773550237,0.0008123673048150483,0.0008123673048150483,-0.000591058755252621,false,0.0
25,1.0,25,0.02,0.02,0.0,0.005,0.75,0.2,0.15,1.0,3.7185718571857187,43.0447364503433,47.379737355878184,46.08517936566904,46.70321242941737,0.029058454699743663,-0.0005171824613071896,0.0007485677488913333,43.03173542586908,43.073794905043044,64.49271003951439,64.53750795130809,107.61130285635113,40.02720324141198,13.37047295468745,100.0,0.08,0.6,0.27,1.0,0.029058454699743663,0.0006750756793055451,0.0006750756793055451,-0.0005171824613071896,false,0.0
26,1.0,26,0.02,0.02,0.0,0.001,0.1,0.225,0.15,1.0,4.078757875787579,50.327048203818826,54.69165831818883,53.04090189349365,53.89560655186168,0.0011036002337192485,-0.00011524445495643203,0.0012985155586265778,50.32704913691244,50.328151804052546,59.316302031605,59.31381358866138,109.64196539271393,45.90227074440698,19.411328031680885,100.0,0.08,0.6,0.27,1.0,0.0011036002337192485,2.1928570681312225e-5,2.1928570681312225e-5,-0.00011524445495643203,false,0.0
27,1.0,27,0.02,0.02,0.0,0.0025,0.1,0.225,0.15,1.0,4.07980798079808,49.42877688742365,54.0098152940099,52.42779840400132,53.18445267598548,0.0009409851636164035,-5.895377066547519e-5,0.0012211384003667164,49.42877733480256,49.42971787258727,59.5456638792434,59.54481977803743,108.9745376506247,45.358960852910684,17.746663204316704,100.0,0.08,0.6,0.27,1.0,0.0009409851636164035,1.9037192964728646e-5,1.9037192964728646e-5,-5.895377066547519e-5,false,0.0
28,1.0,28,0.02,0.02,0.0,0.003,0.1,0.225,0.15,1.0,4.07980798079808,49.132732681562736,53.78399185555646,52.224386312717016,52.94905942173672,0.000871397951627273,-6.82433824499445e-5,0.0012160186087731956,49.13273287747927,49.13360407951436,59.62087815860717,59.62025701558106,108.75386109509543,45.17872155044819,17.20951708231788,100.0,0.08,0.6,0.27,1.0,0.000871397951627273,1.7735588966218212e-5,1.7735588966218212e-5,-6.82433824499445e-5,false,0.0
29,1.0,29,0.02,0.02,0.0,0.004,0.1,0.225,0.15,1.0,4.075607560756076,48.50162662868761,53.28596612183099,51.77198923030855,52.43314157141473,0.0007153648662878709,-0.00011920078586576868,0.0012037919071661342,48.50162589427448,48.5023419935539,59.81492638159096,59.814017454033674,108.31635944758757,44.778408581044815,16.14900515776192,100.0,0.08,0.6,0.27,1.0,0.0007153648662878709,1.4749296384726792e-5,1.4749296384726792e-5,-0.00011920078586576868,false,0.0
30,1.0,30,0.02,0.02,0.0,0.005,0.1,0.225,0.15,1.0,4.07035703570357,47.87197698916837,52.78480152458617,51.31544128989014,51.91453114227874,0.0006023695564394416,-0.00012353268654252548,0.001194597380200815,47.87197667838695,47.872579358724806,60.01213524663662,60.011667801899485,107.88424716062428,44.37402180454516,15.12495163511205,100.0,0.08,0.6,0.27,1.0,0.0006023695564394416,1.2582926261343566e-5,1.2582926261343566e-5,-0.00012353268654252548,false,0.0
31,1.0,31,0.02,0.02,0.0,0.001,0.2,0.225,0.15,1.0,3.814131413141314,47.23878771212116,51.83791873906986,49.799895534298976,50.59619759277447,-0.005944226593982194,-0.00018118537910059645,0.001195525992957196,47.23887497519453,47.23284348552718,61.456427596015054,61.44429621252416,108.67713969805133,43.46161816253073,16.444205583962802,100.0,0.08,0.6,0.27,1.0,0.005944226593982194,-0.00012583359738626283,0.00012583359738626283,-0.00018118537910059645,false,0.0
32,1.0,32,0.02,0.02,0.0,0.0025,0.2,0.225,0.15,1.0,3.810981098109811,46.30210232771047,51.070709672661344,49.121715874163705,49.82605267029349,-0.004351138622745054,-0.00017190141660899626,0.0011227133540770448,46.30220926942933,46.29775118908773,61.78246236197133,61.77248353946586,108.07023472855359,42.84042808399236,15.027740750613994,100.0,0.08,0.6,0.27,1.0,0.004351138622745054,-9.397280909512879e-5,9.397280909512879e-5,-0.00017190141660899626,false,0.0
33,1.0,33,0.02,0.02,0.0,0.003,0.2,0.225,0.15,1.0,3.808880888088809,45.98534039802384,50.80788983218523,48.88810680611862,49.56239387099666,-0.0038444767596743645,-0.00014977284829063248,0.0011203093291545397,45.985473692800426,45.98149592126416,61.897264571115194,61.88826613424156,107.86976205550573,42.62686321455295,14.568641227152423,100.0,0.08,0.6,0.27,1.0,0.0038444767596743645,-8.360222467418283e-5,8.360222467418283e-5,-0.00014977284829063248,false,0.0
34,1.0,34,0.02,0.02,0.0,0.004,0.2,0.225,0.15,1.0,3.8046804680468047,45.36719973539816,50.2957691706949,48.43340636914193,49.048716511035714,-0.002997932434880113,-0.00018408188313335323,0.0011105957307267168,45.36731748316031,45.36420180296328,62.115104669106195,62.10707018479039,107.47127198775367,42.21053772224127,13.67468259694773,100.0,0.08,0.6,0.27,1.0,0.002997932434880113,-6.60814961550503e-5,6.60814961550503e-5,-0.00018408188313335323,false,0.0
35,1.0,35,0.02,0.02,0.0,0.005,0.2,0.225,0.15,1.0,3.7983798379837985,44.74315577479896,49.772908864890624,47.96721822451047,48.52470032306747,-0.0023280126038045523,-8.266506006307928e-5,0.001051437344784428,44.743255815180994,44.74082776219515,62.34255355471727,62.33679242277133,107.07762018496649,41.78354700534957,12.808045973812865,100.0,0.08,0.6,0.27,1.0,0.0023280126038045523,-5.2030585762030164e-5,5.2030585762030164e-5,-8.266506006307928e-5,false,0.0
36,1.0,36,0.02,0.02,0.0,0.001,0.3,0.225,0.15,1.0,3.6356135613561356,45.06012935457864,49.63076140812177,47.50562785067666,48.26412057555254,-0.006940509738853962,-0.00014702140568969346,0.0011244763449191016,45.06336524956093,45.05318884483979,63.205117827511124,63.19155362603486,108.24474247087466,41.621595484845116,15.004951693362024,100.0,0.08,0.6,0.27,1.0,0.006940509738853962,-0.00015402773667689713,0.00015402773667689713,-0.00014702140568969346,false,0.0
37,1.0,37,0.02,0.02,0.0,0.0025,0.3,0.225,0.15,1.0,3.61986198619862,43.94913127342352,48.64469045310305,46.62301950263516,47.292618279936725,-0.0028909211001177937,-0.00024262900159950664,0.001051122473192643,43.95225771527406,43.9462403523234,63.73610871688787,63.72732973567001,107.67357008799341,40.8143245518928,13.689661739418192,100.0,0.08,0.6,0.27,1.0,0.0028909211001177937,-6.577879963388407e-5,6.577879963388407e-5,-0.00024262900159950664,false,0.0
38,1.0,38,0.02,0.02,0.0,0.003,0.3,0.225,0.15,1.0,3.6135613561356137,43.57356512104357,48.30768540573681,46.319841741492255,46.960603642753355,-0.0014811638809746341,-0.00023598296481904774,0.001048444138401591,43.576635476132374,43.5720839571626,63.92039850099441,63.91313440542978,107.48521836259238,40.537745208997784,13.265098000269848,100.0,0.08,0.6,0.27,1.0,0.0014811638809746341,-3.399225830753324e-5,3.399225830753324e-5,-0.00023598296481904774,false,0.0
39,1.0,39,0.02,0.02,0.0,0.004,0.3,0.225,0.15,1.0,3.602010201020102,42.85566921989223,47.66700804659832,45.74454104901308,46.329074913557086,0.0010378368015508954,-0.0002136823384144401,0.0010434377352794278,42.85853907928546,42.85670705669378,64.25855792385455,64.25340422634328,107.11011128303706,40.01182198704424,12.442599851729286,100.0,0.08,0.6,0.27,1.0,0.0010378368015508954,2.421702473541505e-5,2.421702473541505e-5,-0.0002136823384144401,false,0.0
40,1.0,40,0.02,0.02,0.0,0.005,0.3,0.225,0.15,1.0,3.585208520852085,42.094132902467244,46.97233022160585,45.11617348235952,45.64548003949901,0.0035039885062531084,-0.00014268412794638747,0.0009872893134322668,42.09664800854461,42.0976368909735,64.6438022644497,64.64134380388457,106.73898069485807,39.43979661125007,11.638524462583666,100.0,0.08,0.6,0.27,1.0,0.0035039885062531084,8.324173143967365e-5,8.324173143967365e-5,-0.00014268412794638747,false,0.0
41,1.0,41,0.02,0.02,0.0,0.001,0.5,0.225,0.15,1.0,3.499099909990999,43.15507951020233,47.601134474768365,45.480656195133925,46.21422146916764,0.0017225873065740416,-0.00030287687345397185,0.0010515570932002857,43.155099472705565,43.1568020975089,64.74273141443014,64.74299215037688,107.89979424788578,39.99711250455376,13.897519033741034,100.0,0.08,0.6,0.27,1.0,0.0017225873065740416,3.991621209194629e-5,3.991621209194629e-5,-0.00030287687345397185,false,0.0
42,1.0,42,0.02,0.02,0.0,0.0025,0.5,0.225,0.15,1.0,3.4906990699069906,42.143173714413955,46.70496793429398,44.688431246954714,45.3386270532799,0.006583372811597599,-0.0003337313001613302,0.0009866673092002107,42.143153976646154,42.14975708722555,65.20498188581166,65.2046862923806,107.35444337960615,39.262238022308665,12.712899737854254,100.0,0.08,0.6,0.27,1.0,0.006583372811597599,0.00015621445257564765,0.00015621445257564765,-0.0003337313001613302,false,0.0
43,1.0,43,0.02,0.02,0.0,0.003,0.5,0.225,0.15,1.0,3.4843984398439845,41.76536298432848,46.35872010702338,44.3777909715802,45.00056740937482,0.009727741141595914,-0.00033754434450853103,0.0009838982295000223,41.765320344836596,41.77509072547008,65.40260263145933,65.40149583614792,107.176586561618,38.97781415295656,12.325629444574071,100.0,0.08,0.6,0.27,1.0,0.009727741141595914,0.00023291408110701756,0.00023291408110701756,-0.00033754434450853103,false,0.0
44,1.0,44,0.02,0.02,0.0,0.004,0.5,0.225,0.15,1.0,3.442394239423942,40.65204492170151,45.262673997888044,43.367956274952554,43.93300909272183,-0.012220090537240935,-0.00020425635781345128,0.0009355635789449352,40.652044882600926,40.63982483116427,66.16065273398104,66.15074548679415,106.79057031795841,38.05563048325633,11.439606265723224,100.0,0.08,0.6,0.27,1.0,0.012220090537240935,-0.00030060211142582437,0.00030060211142582437,-0.00020425635781345128,false,0.0
45,1.0,45,0.02,0.02,0.0,0.005,0.5,0.225,0.15,1.0,3.4402940294029403,40.07149557107101,44.75593163025805,42.92230421189854,43.43745939008165,-0.01864550133951326,-0.0002710062291823393,0.0009267983834212365,40.07149589986522,40.0528500697315,66.38840911593198,66.37616754855709,106.42901761828858,37.63339262735888,10.724475852091263,100.0,0.08,0.6,0.27,1.0,0.01864550133951326,-0.00046530585079969134,0.00046530585079969134,-0.0002710062291823393,false,0.0
46,1.0,46,0.02,0.02,0.0,0.001,0.75,0.225,0.15,1.0,3.374137413741374,41.38093866702227,45.587222544234,43.592747324126755,44.30399943265363,-0.018912196868967612,-0.0004065004061895538,0.0009945124599654849,41.38042055408456,41.3620264701533,66.34154345062345,66.33410636279342,107.69613283294672,38.40623185078723,13.124827427791995,100.0,0.08,0.6,0.27,1.0,0.018912196868967612,-0.0004570267731514587,0.0004570267731514587,-0.0004065004061895538,false,0.0
47,1.0,47,0.02,0.02,0.0,0.0025,0.75,0.225,0.15,1.0,3.376237623762376,40.300802097356886,44.59075158706111,42.6982621739491,43.33583212128242,-0.044427338789866155,-0.00040759290256659863,0.0009368398791925896,40.30037793952167,40.25637475856702,66.94110722457155,66.91510319536145,107.17147795392847,37.562582439959144,12.00375424984248,100.0,0.08,0.6,0.27,1.0,0.044427338789866155,-0.0011023934134745152,0.0011023934134745152,-0.00040759290256659863,false,0.0
48,1.0,48,0.02,0.02,0.0,0.003,0.75,0.225,0.15,1.0,3.36993699369937,39.9192377445099,44.23540805171661,42.37835904641903,42.98997818697851,-0.05057105402262607,-0.00040258609371334164,0.0009349914905750795,39.9188340489598,39.868666690487274,67.15041165971932,67.11998018200104,106.98864687248832,37.26439006000676,11.622304858127475,100.0,0.08,0.6,0.27,1.0,0.05057105402262607,-0.0012668341601683292,0.0012668341601683292,-0.00040258609371334164,false,0.0
49,1.0,49,0.02,0.02,0.0,0.004,0.75,0.225,0.15,1.0,3.3468346834683467,39.121428708389274,43.48631447554543,41.70260242014336,42.26044820948125,-0.06584603618674123,-0.0004316287161462555,0.0009286716446111021,39.121428852170915,39.05558267220253,67.59444000927851,67.55026085076364,106.60584352296617,36.63549893846932,10.839128196822001,100.0,0.08,0.6,0.27,1.0,0.06584603618674123,-0.0016831194146194636,0.0016831194146194636,-0.0004316287161462555,false,0.0
50,1.0,50,0.02,0.02,0.0,0.005,0.75,0.225,0.15,1.0,3.348934893489349,38.21341022552464,42.58452719418718,40.867188593185965,41.38656846575523,-0.06640237640040425,-0.0004931573150749203,0.0008759091860522082,38.21186585936591,38.147007849124236,68.24126974839753,68.18520147381804,106.33220932294228,35.875308236347934,10.237514957233351,100.0,0.08,0.6,0.27,1.0,0.06640237640040425,-0.0017376720896804649,0.0017376720896804649,-0.0004931573150749203,false,0.0
51,1.0,51,0.02,0.02,0.0,0.001,0.1,0.25,0.15,1.0,3.8981398139813983,48.16257871157751,52.748034777495775,50.76471329928717,51.38442233904514,-0.0014745988121731557,-5.69983484062697e-5,0.0015537171518884767,48.162746061174985,48.16110411276534,60.55986041693287,60.55794446125715,108.71904857402248,44.298680630905594,16.819510571731833,100.0,0.08,0.6,0.27,1.0,0.0014745988121731557,-3.0617106716893584e-5,3.0617106716893584e-5,-5.69983484062697e-5,false,0.0
52,1.0,52,0.02,0.02,0.0,0.0025,0.1,0.25,0.15,1.0,3.9044404440444045,47.35515646321321,52.13585592800187,50.232398344145096,50.74393051986005,-0.0011483042184181613,-0.00013750339796118332,0.0015288011569428391,47.35522997209323,47.354008158994795,60.74271231377376,60.74079935146031,108.0948075104551,43.807847249660576,15.375923650374034,100.0,0.08,0.6,0.27,1.0,0.0011483042184181613,-2.4248768332339807e-5,2.4248768332339807e-5,-0.00013750339796118332,false,0.0
53,1.0,53,0.02,0.02,0.0,0.003,0.1,0.25,0.15,1.0,3.9054905490549054,47.080631318915366,51.92403446284725,50.04690473584029,50.5230301817728,-0.0010711935989604626,-0.00013465225498003687,0.0015226512638571337,47.08066478293374,47.079560125316405,60.811103323539804,60.809482249408724,107.88904237472514,43.63701733656838,14.907363569551757,100.0,0.08,0.6,0.27,1.0,0.0010711935989604626,-2.275232019945523e-5,2.275232019945523e-5,-0.00013465225498003687,false,0.0
54,1.0,54,0.02,0.02,0.0,0.004,0.1,0.25,0.15,1.0,3.902340234023402,46.47942048747313,51.439690773271515,49.61661633798259,50.022580895917244,-0.0009391591897554008,-4.810719653059412e-5,0.0014468771817318904,46.479420142597895,46.47848132828337,61.00439226229984,61.004013821514704,107.48249514979807,43.24283806726522,13.98034909228425,100.0,0.08,0.6,0.27,1.0,0.0009391591897554008,-2.020591435748468e-5,2.020591435748468e-5,-4.810719653059412e-5,false,0.0
55,1.0,55,0.02,0.02,0.0,0.005,0.1,0.25,0.15,1.0,3.896039603960396,45.85509938737475,50.925056467931604,49.15618088078969,49.49347658883257,-0.0007991995607667945,-7.621011431727441e-5,0.0014329730047312479,45.855099827676455,45.85430018781398,61.22675902081495,61.22576994224431,107.08007013005829,42.82244131155298,13.07596014940573,100.0,0.08,0.6,0.27,1.0,0.0007991995607667945,-1.7428804461098552e-5,1.7428804461098552e-5,-7.621011431727441e-5,false,0.0
56,1.0,56,0.02,0.02,0.0,0.001,0.2,0.25,0.15,1.0,3.3583858385838585,41.054456914990986,45.46514131212144,43.23836409402018,43.78472064990881,0.007988553247528785,-0.00015012010946032346,0.0012908180457113178,41.05445657456359,41.062445468238515,66.5736404331375,66.59025411536432,107.65269958360284,38.143442409773954,12.984419941412373,100.0,0.08,0.6,0.27,1.0,0.007988553247528785,0.00019458431185852013,0.00019458431185852013,-0.00015012010946032346,false,0.0
57,1.0,57,0.02,0.02,0.0,0.0025,0.2,0.25,0.15,1.0,3.304830483048305,39.425150458455505,43.86213234752226,41.76864998906295,42.222062294686104,0.0006544128928140935,-0.00010107630186634679,0.0012214822481336593,39.42498760394183,39.42580487134832,67.65662071777835,67.6718768969999,107.09768176834822,36.81293957102278,11.717335662939753,100.0,0.08,0.6,0.27,1.0,0.0006544128928140935,1.6598868620772548e-5,1.6598868620772548e-5,-0.00010107630186634679,false,0.0
58,1.0,58,0.02,0.02,0.0,0.003,0.2,0.25,0.15,1.0,3.288028802880288,38.91689765977829,43.363295705299656,41.311682311806436,41.73556877765502,-0.0013402756331970522,-0.00010375023623352702,0.0012169343255500036,38.91661230333076,38.915557384145096,67.98532861039537,67.99949579522143,106.91505317936654,36.398576465054205,11.320481751554334,100.0,0.08,0.6,0.27,1.0,0.0013402756331970522,-3.443942641353616e-5,3.443942641353616e-5,-0.00010375023623352702,false,0.0
59,1.0,59,0.02,0.02,0.0,0.004,0.2,0.25,0.15,1.0,3.25022502250225,37.8597387018509,42.31396979320346,40.3468634897458,40.71380390005505,-0.00457799074404619,-0.00013596043474527165,0.0011509931507008005,37.85933939854218,37.855160711106855,68.68986192207818,68.70123642704584,106.5563971381527,35.52593905931975,10.550187615216,100.0,0.08,0.6,0.27,1.0,0.00457799074404619,-0.000120919765984079,0.000120919765984079,-0.00013596043474527165,false,0.0
60,1.0,60,0.02,0.02,0.0,0.005,0.2,0.25,0.15,1.0,3.2145214521452146,36.85911840853576,41.32124595804472,39.43380575220004,39.74681214713297,-0.006278960502356767,-0.00014489402805487457,0.0011424121150107474,36.8587592317033,36.8528394480334,69.34625551469266,69.35486082948732,106.20770027752073,34.69883949255744,9.830529549166545,100.0,0.08,0.6,0.27,1.0,0.006278960502356767,-0.0001703502626612659,0.0001703502626612659,-0.00014489402805487457,false,0.0
61,1.0,61,0.02,0.02,0.0,0.001,0.3,0.25,0.15,1.0,3.187218721872187,38.35654645587826,42.63665762909336,40.349312371131596,40.88498911961873,-0.013248576548527069,-0.00022163249998436617,0.0012079110746062165,38.339100279837,38.34329787932973,68.8551982789398,68.87281811016256,107.2161159894923,35.76262535297172,11.703700881324153,100.0,0.08,0.6,0.27,1.0,0.013248576548527069,-0.0003454058765109882,0.0003454058765109882,-0.00022163249998436617,false,0.0
62,1.0,62,0.02,0.02,0.0,0.0025,0.3,0.25,0.15,1.0,3.162016201620162,37.23619070721914,41.58033995290164,39.410620552417356,39.85951937727335,-0.020247674484565437,-0.00014324660515898388,0.0011448819382461996,37.21614846703958,37.21594303273457,69.4631144815618,69.47511320793211,106.69105624066668,34.881970751873794,10.657253710373137,100.0,0.08,0.6,0.27,1.0,0.020247674484565437,-0.0005437633146679512,0.0005437633146679512,-0.00014324660515898388,false,0.0
63,1.0,63,0.02,0.02,0.0,0.003,0.3,0.25,0.15,1.0,3.152565256525653,36.86219611598772,41.225226889168674,39.09407152904285,39.514931147867905,-0.022199155938302795,-0.00014611342228605182,0.0011406183140997967,36.8413312164117,36.83999696004942,69.66904018241472,69.67926655398998,106.5192635140394,34.585290720859945,10.321822672990955,100.0,0.08,0.6,0.27,1.0,0.022199155938302795,-0.0006022201137569952,0.0006022201137569952,-0.00014611342228605182,false,0.0
64,1.0,64,0.02,0.02,0.0,0.004,0.3,0.25,0.15,1.0,3.1305130513051305,36.08924262021958,40.48278249229852,38.429265835132185,38.79540136554398,-0.025404774877991088,-0.00016637232217928173,0.001079355959743151,36.06691981974839,36.06383784534159,70.11106981341908,70.11817797565409,106.18201582099567,33.96416762904456,9.669044266438288,100.0,0.08,0.6,0.27,1.0,0.025404774877991088,-0.000703943142984044,0.000703943142984044,-0.00016637232217928173,false,0.0
65,1.0,65,0.02,0.02,0.0,0.005,0.3,0.25,0.15,1.0,3.1105610561056105,35.36659789704197,39.792381950628716,37.812103617687306,38.12568729608103,-0.027161301927655757,-0.00016852861476855297,0.001071644667089887,35.34346671855856,35.339436595114314,70.51043931862928,70.51492237324099,105.85435896835531,33.38496112916699,9.053986943628999,100.0,0.08,0.6,0.27,1.0,0.027161301927655757,-0.0007679930652851261,0.0007679930652851261,-0.00016852861476855297,false,0.0
66,1.0,66,0.02,0.02,0.0,0.001,0.5,0.25,0.15,1.0,3.0391539153915392,36.76837650964622,40.9645939310369,38.69410834061117,39.19940770913026,-0.07688308211685069,-0.00019586699179181984,0.0011331424073897326,36.76837725305063,36.691493427529366,70.00097621923393,69.96701823945749,106.65851166698685,34.40090514490667,10.517562374283319,100.0,0.08,0.6,0.27,1.0,0.07688308211685069,-0.0020910110648121854,0.0020910110648121854,-0.00019586699179181984,false,0.0
67,1.0,67,0.02,0.02,0.0,0.0025,0.5,0.25,0.15,1.0,3.036003600360036,36.1716500250182,40.48871178551447,38.31802169727672,38.735997387070825,-0.08617124991000935,-0.00010114388206500999,0.0010737862856263986,36.1716503842559,36.08547877510819,70.10563563345367,70.04778030734003,106.13325908244823,34.00016082336232,9.596033835358853,100.0,0.08,0.6,0.27,1.0,0.08617124991000935,-0.002382286952638567,0.002382286952638567,-0.00010114388206500999,false,0.0
68,1.0,68,0.02,0.02,0.0,0.003,0.5,0.25,0.15,1.0,3.0318031803180316,35.922983517449964,40.27225777770644,38.136666676214595,38.526281413130306,-0.08903706120742072,-6.715264925188402e-5,0.0010716191375685447,35.92298321892299,35.83394645624254,70.19149690481316,70.12917535303741,105.96312180927995,33.81737518147027,9.293265644291893,100.0,0.08,0.6,0.27,1.0,0.08903706120742072,-0.0024785541870198514,0.0024785541870198514,-6.715264925188402e-5,false,0.0
69,1.0,69,0.02,0.02,0.0,0.004,0.5,0.25,0.15,1.0,3.0118511851185117,35.331122316921814,39.731500090725,37.672444999232084,38.004090014135826,-0.09632152086879131,-0.0002834866218381621,0.0010513139033629158,35.33112291320223,35.23480079605302,70.45032304038925,70.38203051180281,105.61683130785583,33.36097131464712,8.672607166957548,100.0,0.08,0.6,0.27,1.0,0.09632152086879131,-0.002726251377037581,0.002726251377037581,-0.0002834866218381621,false,0.0
70,1.0,70,0.02,0.02,0.0,0.005,0.5,0.25,0.15,1.0,2.98979897989799,34.74223088813267,39.19167503269383,37.207199750877145,37.481947066400544,-0.10278262032213803,2.438372452092165e-6,0.0010095929779916728,34.74223092952945,34.63944826781053,70.70784657086178,70.63643731038874,105.27588557819928,32.90349739407343,8.071972219293478,100.0,0.08,0.6,0.27,1.0,0.10278262032213803,-0.0029584346685476307,0.0029584346685476307,2.438372452092165e-6,false,0.0
71,1.0,71,0.02,0.02,0.0,0.001,0.75,0.25,0.15,1.0,2.9404440444044404,35.26674884755565,39.22934063221284,37.08940128218406,37.58700445381365,-0.1275442917435612,-0.00021733285171380274,0.001075429816474547,35.257914409037724,35.139204555812086,71.33388513976305,71.28064704698721,106.4198516027993,33.01940758850652,9.897892184075218,100.0,0.08,0.6,0.27,1.0,0.1275442917435612,-0.0036165593912522317,0.0036165593912522317,-0.00021733285171380274,false,0.0
72,1.0,72,0.02,0.02,0.0,0.0025,0.75,0.25,0.15,1.0,2.9236423642364238,34.459661664701315,38.504139105861604,36.47444150752969,36.88854891653432,-0.13190714391567582,-3.086545172668877e-5,0.0010246630834843061,34.45966255962942,34.32775452078564,71.6736649913799,71.60438588673868,105.93214040752432,32.405419534360085,9.032948948581154,100.0,0.08,0.6,0.27,1.0,0.13190714391567582,-0.0038278711265118033,0.0038278711265118033,-3.086545172668877e-5,false,0.0
73,1.0,73,0.02,0.02,0.0,0.003,0.75,0.25,0.15,1.0,2.917341734173417,34.227672074387165,38.304021524108066,36.30951516996893,36.695266336815145,-0.13385220047914004,-2.286379974535705e-5,0.00102107726809508,34.22671862125308,34.093819873908025,71.74151007398837,71.67121553379019,105.7650354076982,32.23543559786533,8.747336587659182,100.0,0.08,0.6,0.27,1.0,0.13385220047914004,-0.003910642832741835,0.003910642832741835,-2.286379974535705e-5,false,0.0
74,1.0,74,0.02,0.02,0.0,0.004,0.75,0.25,0.15,1.0,2.9246924692469247,33.954099765093545,38.11241830674524,36.17533883904099,36.50937141384844,-0.13504337076705752,-0.00014568120496130974,0.0010073200578103513,33.95409934451415,33.81905639432649,71.71842904420673,71.63282968115685,105.45188607548334,32.07060362117992,8.237848810327254,100.0,0.08,0.6,0.27,1.0,0.13504337076705752,-0.003977233138305397,0.003977233138305397,-0.00014568120496130974,false,0.0
75,1.0,75,0.02,0.02,0.0,0.005,0.75,0.25,0.15,1.0,2.8795379537953796,33.27391883479485,37.471277485154424,35.61939872213785,35.89067487471253,-0.1419138166106677,-8.963798835881391e-5,0.0010006278266436951,33.27391964709521,33.13200501818418,72.03985716636909,71.95940606621697,105.09141108440116,31.526843798467187,7.614122549637847,100.0,0.08,0.6,0.27,1.0,0.1419138166106677,-0.0042650166130196576,0.0042650166130196576,-8.963798835881391e-5,false,0.0
76,1.0,76,0.02,0.02,0.0,0.001,0.1,0.275,0.15,1.0,3.732223222322232,46.157030924254045,50.880761085153374,48.654264594856464,48.92464139968697,-0.003162500999543738,-0.00010123152932258254,0.0018870730706962281,46.15703052097775,46.1538684232545,61.71974187388526,61.714649073528314,107.86851749678281,42.78715374449366,14.61296710900768,100.0,0.08,0.6,0.27,1.0,0.003162500999543738,-6.851612714720661e-5,6.851612714720661e-5,-0.00010123152932258254,false,0.0
77,1.0,77,0.02,0.02,0.0,0.0025,0.1,0.275,0.15,1.0,3.726972697269727,45.25380726974827,50.13828118098981,48.00740659312804,48.16298580069143,-0.0031464025360250503,-6.790925036494041e-5,0.001788162072532327,45.25380667426179,45.25066086721225,62.03432043631447,62.03098843145321,107.28164929866546,42.17931133891987,13.29997660977189,100.0,0.08,0.6,0.27,1.0,0.0031464025360250503,-6.952790772431626e-5,6.952790772431626e-5,-6.790925036494041e-5,false,0.0
78,1.0,78,0.02,0.02,0.0,0.003,0.1,0.275,0.15,1.0,3.723822382238224,44.94351223525365,49.87838889788527,47.779334201680975,47.89757004948529,-0.0031569438115539583,-8.305536228225911e-5,0.001778765922674668,44.943512700732,44.940355291442096,62.15147093183264,62.14782530349058,107.08818059493268,41.965747332501266,12.873640272202769,100.0,0.08,0.6,0.27,1.0,0.0031569438115539583,-7.024248116233458e-5,7.024248116233458e-5,-8.305536228225911e-5,false,0.0
79,1.0,79,0.02,0.02,0.0,0.004,0.1,0.275,0.15,1.0,3.7143714371437144,44.29590267694281,49.32515934923411,47.29014830747874,47.33519211324305,-0.003153598232870536,-0.00010557879704172049,0.001760435231335565,44.295902820713046,44.29274907870994,62.41671498505248,62.41250191173121,106.70525099044116,41.50943713414606,12.036585685973167,100.0,0.08,0.6,0.27,1.0,0.003153598232870536,-7.119390377638849e-5,7.119390377638849e-5,-0.00010557879704172049,false,0.0
80,1.0,80,0.02,0.02,0.0,0.005,0.1,0.275,0.15,1.0,3.6986198619861987,43.58164259372684,48.69247449129403,46.7231090616922,46.69746144518864,-0.0028294342488450752,-4.131222427745268e-5,0.0016770099617020692,43.58164269423095,43.578813159477995,62.75457763320535,62.751439584201954,106.33025274367995,40.984397229384214,11.219637689601969,100.0,0.08,0.6,0.27,1.0,0.0028294342488450752,-6.492261604780232e-5,6.492261604780232e-5,-4.131222427745268e-5,false,0.0
81,1.0,81,0.02,0.02,0.0,0.001,0.2,0.275,0.15,1.0,3.097959795979598,37.03133441725168,41.29913524470384,38.93519422791376,39.21313441068016,0.0012293179774545138,3.1379591827579876e-5,0.001444406435570569,37.031284601022996,37.03256373522913,69.73851032292869,69.74809280476002,106.78065653998915,34.68096651134609,10.76851296831789,100.0,0.08,0.6,0.27,1.0,0.0012293179774545138,3.319669671103764e-5,3.319669671103764e-5,3.1379591827579876e-5,false,0.0
82,1.0,82,0.02,0.02,0.0,0.0025,0.2,0.275,0.15,1.0,3.073807380738074,35.961953220163906,40.28777881188511,38.042823149131216,38.232280012667985,-0.00036140081270019664,9.449785455687253e-5,0.0013710487726055918,35.96190950045827,35.961591819351206,70.32209766765033,70.32856865184353,106.29016047119472,33.83341568018143,9.822480992111092,100.0,0.08,0.6,0.27,1.0,0.00036140081270019664,-1.0049532362373433e-5,1.0049532362373433e-5,9.449785455687253e-5,false,0.0
83,1.0,83,0.02,0.02,0.0,0.003,0.2,0.275,0.15,1.0,3.0654065406540654,35.61614326142924,39.96049831116382,37.75401376972682,37.914839786929576,-0.000675792760397087,8.874272897322334e-5,0.0013647382658570294,35.61610502826615,35.61546746866884,70.50868688835075,70.51405979234477,106.1295272610136,33.55849063670717,9.520186013668464,100.0,0.08,0.6,0.27,1.0,0.000675792760397087,-1.8974338558687844e-5,1.8974338558687844e-5,8.874272897322334e-5,false,0.0
84,1.0,84,0.02,0.02,0.0,0.004,0.2,0.275,0.15,1.0,3.0517551755175516,34.99086877047088,39.37785216754494,37.24391756564505,37.34840470206516,-0.0010879897967228658,2.415221090694204e-5,0.0013490056719933656,34.99084127606861,34.98978078067416,70.81987455086174,70.82302712459025,105.8128079052644,33.0676233561451,8.941375640733739,100.0,0.08,0.6,0.27,1.0,0.0010879897967228658,-3.109353482646394e-5,3.109353482646394e-5,2.415221090694204e-5,false,0.0
85,1.0,85,0.02,0.02,0.0,0.005,0.2,0.275,0.15,1.0,3.042304230423042,34.44637515333841,38.88330358181447,36.81618969731962,36.86547301156658,-0.0012639610630245102,9.279555652907393e-5,0.0012865289791195685,34.44637510701066,34.445111192275384,71.05527133572276,71.05766997225108,105.50278116452645,32.64853382259176,8.394158337551861,100.0,0.08,0.6,0.27,1.0,0.0012639610630245102,-3.669358698550933e-5,3.669358698550933e-5,9.279555652907393e-5,false,0.0
86,1.0,86,0.02,0.02,0.0,0.001,0.3,0.275,0.15,1.0,2.9603960396039604,35.03203184470443,39.24737712159474,36.804552210017036,37.08497008581009,-0.02185888479028364,0.00022004996994684124,0.0013612716082915981,35.011916804972074,35.010172959914144,71.3013850655955,71.29715604688452,106.30732900679867,32.93298146703991,9.705102004515709,100.0,0.08,0.6,0.27,1.0,0.02185888479028364,-0.0006239685122228476,0.0006239685122228476,0.00022004996994684124,false,0.0
87,1.0,87,0.02,0.02,0.0,0.0025,0.3,0.275,0.15,1.0,2.94989498949895,34.27597204563245,38.57182712516806,36.23994593502581,36.432380185512486,-0.02368057162369297,0.00030230058512447896,0.0012943134768799598,34.25372464785074,34.25229147400876,71.59521140147622,71.59085492455779,105.84314639856655,32.361369289823614,8.8872244060896,100.0,0.08,0.6,0.27,1.0,0.02368057162369297,-0.0006908796515578446,0.0006908796515578446,0.00030230058512447896,false,0.0
88,1.0,88,0.02,0.02,0.0,0.003,0.3,0.275,0.15,1.0,2.9467446744674466,34.03763611714268,38.36061929048805,36.06430950105271,36.228097821675014,-0.024056521022430388,0.00030886039370125464,0.001289383304319205,34.01487681604804,34.01357959612025,71.68196642760275,71.677543795208,105.69112339132825,32.18205891348393,8.624688771560685,100.0,0.08,0.6,0.27,1.0,0.024056521022430388,-0.0007067623891282681,0.0007067623891282681,0.00030886039370125464,false,0.0
89,1.0,89,0.02,0.02,0.0,0.004,0.3,0.275,0.15,1.0,2.9435943594359437,33.608482120267894,37.989545749059985,35.760687556894645,35.86831248949133,-0.024410399968815,0.00024177674468512644,0.0012750620581915395,33.585011169919355,33.58407172029908,71.81254858122716,71.80797578986753,105.3920475101666,31.865849951401128,8.1186059576835,100.0,0.08,0.6,0.27,1.0,0.024410399968815,-0.0007263166447524297,0.0007263166447524297,0.00024177674468512644,false,0.0
90,1.0,90,0.02,0.02,0.0,0.005,0.3,0.275,0.15,1.0,2.9435943594359437,33.22710780443705,37.67016636115579,35.504502063214524,35.55728893443075,-0.024366654408183308,0.0002543594882653363,0.0012656260807461447,33.20337645291219,33.202741150028864,71.90021046789325,71.896167840796,105.09890899082487,31.59189897292603,7.633410530029638,100.0,0.08,0.6,0.27,1.0,0.024366654408183308,-0.0007333366043050385,0.0007333366043050385,0.0002543594882653363,false,0.0
91,1.0,91,0.02,0.02,0.0,0.001,0.5,0.275,0.15,1.0,2.7304230423042304,32.42965862332613,36.41313294247461,34.08017776547084,34.333842262388565,-0.06879412412610719,0.0004559479846798235,0.001227647650023684,32.42875264969729,32.36086449920002,73.44662987578288,73.41947017002738,105.7803346692274,30.592514762211405,8.545843506765461,100.0,0.08,0.6,0.27,1.0,0.06879412412610719,-0.0021213335892664837,0.0021213335892664837,0.0004559479846798235,false,0.0
92,1.0,92,0.02,0.02,0.0,0.0025,0.5,0.275,0.15,1.0,2.7167716771677166,31.876310677379216,35.95363748677341,33.72826162111192,33.89160192489073,-0.07004864895136009,0.00036099967946694265,0.0012065093036221696,31.87625768316124,31.806262028427856,73.54999536722653,73.51515438153882,105.32141640996667,30.199234982390532,7.803379853125225,100.0,0.08,0.6,0.27,1.0,0.07004864895136009,-0.0021975143127548192,0.0021975143127548192,0.00036099967946694265,false,0.0
93,1.0,93,0.02,0.02,0.0,0.003,0.5,0.275,0.15,1.0,2.706270627062706,31.64996991236854,35.75310144801573,33.56676984904747,33.69925675243003,-0.07040288876694589,0.00036075367718728266,0.0012007081231164712,31.649895178241998,31.579567023601594,73.62117893839527,73.58633183945172,105.16589886305331,30.028333675656977,7.550228255403302,100.0,0.08,0.6,0.27,1.0,0.07040288876694589,-0.0022244219808699736,0.0022244219808699736,0.00036075367718728266,false,0.0
94,1.0,94,0.02,0.02,0.0,0.004,0.5,0.275,0.15,1.0,2.682118211821182,31.141912005113387,35.285911666373124,33.17950694249245,33.25261736459324,-0.06817005686789557,0.0004769787331574243,0.0011469060734472611,31.1418243306314,31.07374194824549,73.82705258036738,73.7941331968791,104.8678751451246,29.631325994965714,7.062439312271196,100.0,0.08,0.6,0.27,1.0,0.06817005686789557,-0.0021890132133409886,0.0021890132133409886,0.0004769787331574243,false,0.0
95,1.0,95,0.02,0.02,0.0,0.005,0.5,0.275,0.15,1.0,2.6884188418841886,30.9878469628044,35.21736686849232,33.165790760777085,33.18181088757329,-0.07179278961356061,0.0004937996785013694,0.00113875992470457,30.987852709403935,30.91605417319084,73.69075979877574,73.65198613457676,104.5680403077676,29.565490643410584,6.612303702541111,100.0,0.08,0.6,0.27,1.0,0.07179278961356061,-0.0023168047041065985,0.0023168047041065985,0.0004937996785013694,false,0.0
96,1.0,96,0.02,0.02,0.0,0.001,0.75,0.275,0.15,1.0,2.6516651665166515,31.429338435555767,35.229471683891695,33.02369183326419,33.27274923297732,-0.0869636598055763,0.0004403160254341159,0.0012121715216774408,31.400126898856886,31.34237477575019,74.25529728126902,74.23230661748178,105.57468139323197,29.687396980162177,8.119537159964274,100.0,0.08,0.6,0.27,1.0,0.0869636598055763,-0.0027669580123008564,0.0027669580123008564,0.0004403160254341159,false,0.0
97,1.0,97,0.02,0.02,0.0,0.0025,0.75,0.275,0.15,1.0,2.641164116411641,30.818429097449563,34.69226052945723,32.594981234063155,32.76144773917216,-0.07419047628838271,0.00038100179247400515,0.001146023168269038,30.81841619669407,30.74423862116118,74.45558189227089,74.42931773678345,105.17355635794462,29.2319093180867,7.470218007776319,100.0,0.08,0.6,0.27,1.0,0.07419047628838271,-0.0024073412714771527,0.0024073412714771527,0.00038100179247400515,false,0.0
98,1.0,98,0.02,0.02,0.0,0.003,0.75,0.275,0.15,1.0,2.632763276327633,30.61282309152727,34.51204692864183,32.45229767603324,32.589346963273215,-0.0711253340289204,0.0003504455652771504,0.0011392273979015822,30.612790279777485,30.54169775749835,74.51431295996832,74.48868047844581,105.03037823594417,29.078918185830332,7.242299442306366,100.0,0.08,0.6,0.27,1.0,0.0711253340289204,-0.002323383695004784,0.002323383695004784,0.0003504455652771504,false,0.0
99,1.0,99,0.02,0.02,0.0,0.004,0.75,0.275,0.15,1.0,2.6075607560756078,30.143626342999873,34.085761474190264,32.10501112860506,32.18246705951331,-0.06518607794527398,0.00039056844998803413,0.0011302644317098748,30.143581290781537,30.0784402650546,74.68452392130611,74.66286490261297,104.74130516766756,28.716885107461376,6.780891595726168,100.0,0.08,0.6,0.27,1.0,0.06518607794527398,-0.0021625161220992866,0.0021625161220992866,0.00039056844998803413,false,0.0
100,1.0,100,0.02,0.02,0.0,0.005,0.75,0.275,0.15,1.0,2.872187218721872,32.6142069021197,36.97259206071877,34.865868494253135,34.9076776947222,-0.11676177038450675,0.0005491473918179121,0.001196359793924794,32.61420701751109,32.49744513173519,72.01027796554573,71.90166054207265,104.39910567380784,31.128087661279945,6.516946925035572,100.0,0.08,0.6,0.27,1.0,0.11676177038450675,-0.003580089214952458,0.003580089214952458,0.0005491473918179121,false,0.0
101,1.0,101,0.02,0.02,0.0,0.001,0.1,0.3,0.15,1.0,3.5558055805580557,43.94243050203103,48.699275796373335,46.31729643668174,46.174510644461805,-0.0017190921766427891,5.582166294953343e-5,0.0020868340351806393,43.942431063233116,43.94071140985439,63.17087770433453,63.16890326632817,107.10961467618256,41.02405889769788,12.68231341314654,100.0,0.08,0.6,0.27,1.0,0.0017190921766427891,-3.912146317357963e-5,3.912146317357963e-5,5.582166294953343e-5,false,0.0
102,1.0,102,0.02,0.02,0.0,0.0025,0.1,0.3,0.15,1.0,3.5043504350435044,42.48668526025054,47.315824680331225,45.066864217807,44.81480014722441,-0.0003897962895251794,4.129142489297025e-5,0.0020495553075869795,42.48668487367271,42.486295463961014,64.07342437169,64.07345574799328,106.55975121195429,39.870865857647324,11.40554458258527,100.0,0.08,0.6,0.27,1.0,0.0003897962895251794,-9.174551677484308e-6,9.174551677484308e-6,4.129142489297025e-5,false,0.0
103,1.0,103,0.02,0.02,0.0,0.003,0.1,0.3,0.15,1.0,3.48019801980198,41.91537176674142,46.754405543409355,44.55316897194575,44.26775030371544,0.0005945786996051083,4.6999065347947683e-5,0.0019615811984819665,41.91537185530468,41.91596634544103,64.46420000003906,64.46522997227677,106.38119631771781,39.40166852444008,10.986145273016778,100.0,0.08,0.6,0.27,1.0,0.0005945786996051083,1.418521832309951e-5,1.418521832309951e-5,4.6999065347947683e-5,false,0.0
104,1.0,104,0.02,0.02,0.0,0.004,0.1,0.3,0.15,1.0,3.4182418241824184,40.586908543514205,45.41550868192818,43.3162439564392,42.97122062485399,-0.00011939190096654784,4.4080844970513336e-5,0.0019354981981032414,40.586908950208965,40.58678915161324,65.43840577072453,65.44124774760947,106.02803689922271,38.27929888977392,10.145953758677194,100.0,0.08,0.6,0.27,1.0,0.00011939190096654784,-2.9416357453917658e-6,2.9416357453917658e-6,4.4080844970513336e-5,false,0.0
105,1.0,105,0.02,0.02,0.0,0.005,0.1,0.3,0.15,1.0,3.352085208520852,39.200024880881124,43.999324921498605,42.0015710995287,41.6045848283533,-0.002252292395652944,6.950175635356212e-5,0.0018404317472308315,39.20002476996331,39.19777258848547,66.48248461582529,66.4863844929539,105.68415708143937,37.08954461195161,9.348600081652481,100.0,0.08,0.6,0.27,1.0,0.002252292395652944,-5.745640219609773e-5,5.745640219609773e-5,6.950175635356212e-5,false,0.0
106,1.0,106,0.02,0.02,0.0,0.001,0.2,0.3,0.15,1.0,2.9645964596459646,35.21091902457957,39.51839758160667,37.00298707183248,36.96432763721941,-0.0009041209213194179,0.0004401300706461505,0.0016726912710186806,35.210939662450315,35.21001490365825,70.78131238888281,70.77780782083282,105.98782272449107,33.22081159755923,9.241895511454846,100.0,0.08,0.6,0.27,1.0,0.0009041209213194179,-2.5677288362972896e-5,2.5677288362972896e-5,0.0004401300706461505,false,0.0
107,1.0,107,0.02,0.02,0.0,0.0025,0.2,0.3,0.15,1.0,2.957245724572457,34.44003523566362,38.82358615401384,36.4198922201483,36.291940868048385,-0.0008093623375700076,0.000545728354284304,0.001596024060792931,34.440064202441235,34.43922587332605,71.11022801136426,71.10666110996038,105.54588698328644,32.62962381355479,8.459154207927577,100.0,0.08,0.6,0.27,1.0,0.0008093623375700076,-2.3500624550229562e-5,2.3500624550229562e-5,0.000545728354284304,false,0.0
108,1.0,108,0.02,0.02,0.0,0.003,0.2,0.3,0.15,1.0,2.954095409540954,34.18539161440322,38.593110982611314,36.2260662407665,36.06901394147297,-0.0007078138030962577,0.0005506935115928241,0.0015891289613603641,34.1854231104772,34.184683800600126,71.21969561114769,71.21594951029188,105.400633310892,32.433091459487,8.205739367003527,100.0,0.08,0.6,0.27,1.0,0.0007078138030962577,-2.0705154151226305e-5,2.0705154151226305e-5,0.0005506935115928241,false,0.0
109,1.0,109,0.02,0.02,0.0,0.004,0.2,0.3,0.15,1.0,2.953045304530453,33.7590823126949,38.224174380305854,35.92449842431043,35.70928136089035,-0.0005432862181891096,0.0005166719797609274,0.0015731782292241559,33.759082785750614,33.75853902647671,71.35780912691855,71.35419876784351,105.11273779432022,32.116506272088415,7.718334890535994,100.0,0.08,0.6,0.27,1.0,0.0005432862181891096,-1.609303870161216e-5,1.609303870161216e-5,0.0005166719797609274,false,0.0
110,1.0,110,0.02,0.02,0.0,0.005,0.2,0.3,0.15,1.0,2.94989498949895,33.32828948786285,37.847977119985885,35.615151959284084,35.3427914236277,-0.00043949429083056657,0.0005317620444356974,0.0015602247537570364,33.3282893141882,33.327849993572016,71.50362603591249,71.50010565962322,104.82795565319523,31.79290274803347,7.241337879054077,100.0,0.08,0.6,0.27,1.0,0.00043949429083056657,-1.3186824094006296e-5,1.3186824094006296e-5,0.0005317620444356974,false,0.0
111,1.0,111,0.02,0.02,0.0,0.001,0.3,0.3,0.15,1.0,2.8133813381338135,33.148712739498286,37.38774444802706,34.814273542957245,34.792598814073955,-0.02030476812225146,0.0008510606578255931,0.0015821786450192846,33.13539907470739,33.128407971376035,72.38152784410367,72.36856564846242,105.49697361983846,31.402235376680338,8.220192540781014,100.0,0.08,0.6,0.27,1.0,0.02030476812225146,-0.0006125356445005285,0.0006125356445005285,0.0008510606578255931,false,0.0
112,1.0,112,0.02,0.02,0.0,0.0025,0.3,0.3,0.15,1.0,2.817581758175818,32.67988689611785,37.01912433316092,34.54757003263298,34.43367390591622,-0.02175230231311076,0.0009059221407880884,0.0015090474202291175,32.664165503583604,32.65813459380474,72.42307869482951,72.41118497340811,105.06931956721286,31.082465108107343,7.5277385570410305,100.0,0.08,0.6,0.27,1.0,0.02175230231311076,-0.0006656174295295614,0.0006656174295295614,0.0009059221407880884,false,0.0
113,1.0,113,0.02,0.02,0.0,0.003,0.3,0.3,0.15,1.0,2.8207320732073207,32.5471557294938,36.922073113863355,34.48219165853065,34.338034363607846,-0.022184877271264725,0.0009348121714498811,0.0015049330346978652,32.53069749216971,32.52497085222254,72.4151650750097,72.40368563859408,104.92865649081662,30.99722415207816,7.304415504619266,100.0,0.08,0.6,0.27,1.0,0.022184877271264725,-0.0006816226110707758,0.0006816226110707758,0.0009348121714498811,false,0.0
114,1.0,114,0.02,0.02,0.0,0.004,0.3,0.3,0.15,1.0,2.8280828082808283,32.29439895330678,36.74083562541747,34.36285215634617,34.159036647298585,-0.022834681792367917,0.0009099557737056337,0.0014917906297573344,32.276712333431405,32.271564271514414,72.38959837873608,72.37924266214966,104.65080693366409,30.837377385891223,6.866845341458294,100.0,0.08,0.6,0.27,1.0,0.022834681792367917,-0.0007070787050529628,0.0007070787050529628,0.0009099557737056337,false,0.0
115,1.0,115,0.02,0.02,0.0,0.005,0.3,0.3,0.15,1.0,2.823882388238824,31.908823488780303,36.40575250051279,34.098644533844904,33.83763917717302,-0.02226937300455134,0.0007102336794444117,0.0014666099903165339,31.890735010327422,31.886554115775752,72.5041721566856,72.49496026150523,104.38151437728098,30.548085363586157,6.432671729350559,100.0,0.08,0.6,0.27,1.0,0.02226937300455134,-0.0006979064274300693,0.0006979064274300693,0.0007102336794444117,false,0.0
116,1.0,116,0.02,0.02,0.0,0.001,0.5,0.3,0.15,1.0,2.5582058205820584,30.30444683544306,34.251192975780306,31.840345431651674,31.811481073900257,-0.02879772965278704,0.0011502438708562,0.0014231832773949195,30.298793277104068,30.275649105790272,74.77750167724008,74.77045269033749,105.04610179612777,28.821297114431616,7.237215881412862,100.0,0.08,0.6,0.27,1.0,0.02879772965278704,-0.0009502806571313549,0.0009502806571313549,0.0011502438708562,false,0.0
117,1.0,117,0.02,0.02,0.0,0.0025,0.5,0.3,0.15,1.0,2.531953195319532,29.658559556414748,33.66561004484335,31.377643995356955,31.257811860863473,-0.01974604116254497,0.0012302068595871046,0.0013558462479911256,29.658540918896115,29.638813515252203,75.0130234296973,75.00833412193911,104.64714763719132,28.322619569153595,6.604703344788931,100.0,0.08,0.6,0.27,1.0,0.01974604116254497,-0.000665778832750971,0.000665778832750971,0.0012302068595871046,false,0.0
118,1.0,118,0.02,0.02,0.0,0.003,0.5,0.3,0.15,1.0,2.5225022502250227,29.447886874904352,33.47477720892754,31.22699707413825,31.077175911435198,-0.016593252904453237,0.0012658113437412446,0.0013511430340934427,29.44787091064764,29.4312936219999,75.08690577664593,75.08331905351974,104.51461267551964,28.15997961296905,6.397471212434014,100.0,0.08,0.6,0.27,1.0,0.016593252904453237,-0.000563478560446186,0.000563478560446186,0.0012658113437412446,false,0.0
119,1.0,119,0.02,0.02,0.0,0.004,0.5,0.3,0.15,1.0,2.5036003600360037,29.02795312480619,33.09216195262446,30.923848750621072,30.715539002647013,-0.009186883996775919,0.0011480627517280121,0.0013312010956204744,29.027953461924284,29.018766240809413,75.23706212736204,75.23595879869752,104.25472503950694,27.834485420025672,5.994154812723362,100.0,0.08,0.6,0.27,1.0,0.009186883996775919,-0.0003164840440962803,0.0003164840440962803,0.0011480627517280121,false,0.0
120,1.0,120,0.02,0.02,0.0,0.005,0.5,0.3,0.15,1.0,2.497299729972997,28.6617523504864,32.7618642086547,30.666044186460983,30.406019841332995,0.0012962406418282058,-1.2997325903297279e-5,0.0012082774272341595,28.66175302252927,28.663048591128227,75.3584511309309,75.35857966912965,104.02162826025788,27.554893218374204,5.63751068812528,100.0,0.08,0.6,0.27,1.0,0.0012962406418282058,4.522544979027453e-5,4.522544979027453e-5,-1.2997325903297279e-5,false,0.0
121,1.0,121,0.02,0.02,0.0,0.001,0.75,0.3,0.15,1.0,2.4783978397839785,29.416109670452528,33.17666860076235,30.91161732227774,30.88043513140984,-0.024174002904324254,0.0014426134745884577,0.001364010154059045,29.389178463178496,29.391935667548204,75.4576860483805,75.45914981954432,104.85108548709252,28.032075711001042,6.870441121642457,100.0,0.08,0.6,0.27,1.0,0.024174002904324254,-0.000821794696006529,0.000821794696006529,0.0014426134745884577,false,0.0
122,1.0,122,0.02,0.02,0.0,0.0025,0.75,0.3,0.15,1.0,2.4804980498049805,28.95368624782943,32.785690673824895,30.623563705417443,30.51229152847339,-0.00729323975423668,0.0014185917703279565,0.0013470591227562878,28.953688569051188,28.946393008075194,75.55770012094317,75.55924185745724,104.50563486553243,27.69840405765734,6.341176832929096,100.0,0.08,0.6,0.27,1.0,0.00729323975423668,-0.0002518933061514208,0.0002518933061514208,0.0014185917703279565,false,0.0
123,1.0,123,0.02,0.02,0.0,0.003,0.75,0.3,0.15,1.0,2.468946894689469,28.759121559030906,32.61272571213685,30.49141292905684,30.348659055938334,0.005319614871854839,0.0014441311470471212,0.0013415652723496557,28.759131778461796,28.76444117390276,75.61227948152649,75.61540674262669,104.37984791652946,27.55746607037129,6.148401147833593,100.0,0.08,0.6,0.27,1.0,0.005319614871854839,0.00018497139632501672,0.00018497139632501672,0.0014441311470471212,false,0.0
124,1.0,124,0.02,0.02,0.0,0.004,0.75,0.3,0.15,1.0,2.4342934293429344,28.270788695450626,32.15293306190761,30.121049973965516,29.915558483261535,0.02400347142859971,0.0014125961148088347,0.0012766707091946593,28.27078733239661,28.294792166879226,75.81784991988397,75.82601311425637,104.1208052811356,27.17496478295642,5.746870284130456,100.0,0.08,0.6,0.27,1.0,0.02400347142859971,0.0008490555989498227,0.0008490555989498227,0.0014125961148088347,false,0.0
125,1.0,125,0.02,0.02,0.0,0.005,0.75,0.3,0.15,1.0,2.4342934293429344,27.840052671661688,31.73863400974045,29.77871417269176,29.53174551144918,0.033006064986448536,-0.0002544539036291376,0.0011780890464464808,27.84005254427229,27.873058736648137,76.0481956652548,76.0537275850879,103.92678632173603,26.819898625902717,5.444271243110732,100.0,0.08,0.6,0.27,1.0,0.033006064986448536,0.0011855604360995092,0.0011855604360995092,-0.0002544539036291376,false,0.0
126,1.0,126,0.02,0.02,0.0,0.001,0.1,0.35,0.15,1.0,3.187218721872187,38.91544829809098,43.463764486213535,40.98190610002587,39.996450463068705,0.0019719846036778677,0.00048337162492663915,0.002559199728199057,38.91544794526553,38.91742028269466,66.92785195305265,66.9346562504913,105.85207653318596,36.76585434816062,9.58059820045223,100.0,0.08,0.6,0.27,1.0,0.0019719846036778677,5.0673567694056464e-5,5.0673567694056464e-5,0.00048337162492663915,false,0.0
127,1.0,127,0.02,0.02,0.0,0.0025,0.1,0.35,0.15,1.0,3.141014101410141,37.532934763999016,42.10873130722576,39.76893809748976,38.70515679331961,0.0006913264306120936,0.000385096879730967,0.002420250304382322,37.53293479818977,37.53362609042963,67.84032523168432,67.84481591708514,105.37844200751476,35.61793605541542,8.610139617357792,100.0,0.08,0.6,0.27,1.0,0.0006913264306120936,1.8419194634233685e-5,1.8419194634233685e-5,0.000385096879730967,false,0.0
128,1.0,128,0.02,0.02,0.0,0.003,0.1,0.35,0.15,1.0,3.127362736273627,37.108750321953785,41.695456544548634,39.39982299373565,38.310512509242315,0.0004969552533395927,0.00037224748209825664,0.0024033349308931573,37.108749547935155,37.109247277207125,68.11146867927957,68.1151796961149,105.22442697332201,35.266761097796795,8.307146515402696,100.0,0.08,0.6,0.27,1.0,0.0004969552533395927,1.339186173147929e-5,1.339186173147929e-5,0.00037224748209825664,false,0.0
129,1.0,129,0.02,0.02,0.0,0.004,0.1,0.35,0.15,1.0,3.102160216021602,36.31141485747069,40.9227404933147,38.711268436371,37.57127066950303,0.00023256723756048814,0.00040508301549532636,0.0022999074331196243,36.31140897589275,36.31164742470825,68.60727019092745,68.60998213659883,104.92162956130707,34.608352516571316,7.727676038548448,100.0,0.08,0.6,0.27,1.0,0.00023256723756048814,6.404796906795272e-6,6.404796906795272e-6,0.00040508301549532636,false,0.0
130,1.0,130,0.02,0.02,0.0,0.005,0.1,0.35,0.15,1.0,3.078007800780078,35.56076954895484,40.198103018246776,38.06691229354211,36.877019517227815,-3.1584479323498726e-5,0.0003731159370716302,0.0022684469668827474,35.56076982548554,35.560737964475514,69.06182275929469,69.06322999641395,104.62396796088947,33.98909318538638,7.175699743954778,100.0,0.08,0.6,0.27,1.0,3.1584479323498726e-5,-8.881832346180771e-7,8.881832346180771e-7,0.0003731159370716302,false,0.0
131,1.0,131,0.02,0.02,0.0,0.001,0.2,0.35,0.15,1.0,2.678967896789679,32.02112392653913,36.29928272496895,33.667252695057456,32.89959982186354,-0.011267072525605215,0.0003841249834867506,0.0020010294373865325,32.01769017163708,32.00985685401353,72.55849935736668,72.55034006860421,104.56019692261773,30.61380697064217,6.707144170628099,100.0,0.08,0.6,0.27,1.0,0.011267072525605215,-0.00035186374317945336,0.00035186374317945336,0.0003841249834867506,false,0.0
132,1.0,132,0.02,0.02,0.0,0.0025,0.2,0.35,0.15,1.0,2.652215221522152,31.247120368925348,35.57324702000597,33.072985264445904,32.21582035434259,-0.011654369098785367,0.0002943144493135711,0.0018980614870826272,31.243138458204502,31.235465999826562,72.94040260622747,72.93374717464687,104.16921317447343,29.98531432459815,6.063028325710618,100.0,0.08,0.6,0.27,1.0,0.011654369098785367,-0.00037297418005837775,0.00037297418005837775,0.0002943144493135711,false,0.0
133,1.0,133,0.02,0.02,0.0,0.003,0.2,0.35,0.15,1.0,2.770727072707271,32.14765395958279,36.636915714332424,34.073648948815816,33.17689838856663,-0.004422265017240079,0.00023428719741188338,0.0019747496399246515,32.14765344492152,32.14323169456555,71.95567990770863,71.94667557920218,104.08990727376772,30.88025778524845,6.027265040619634,100.0,0.08,0.6,0.27,1.0,0.004422265017240079,-0.00013756104948746533,0.00013756104948746533,0.00023428719741188338,false,0.0
134,1.0,134,0.02,0.02,0.0,0.004,0.2,0.35,0.15,1.0,2.77977797779778,31.890882871823123,36.44521412100101,33.94585996555431,32.98677222696506,-0.004142247671499177,0.00022775171972790712,0.0019581268224695934,31.890883135403694,31.886740624151624,71.96091631574772,71.95248261709004,103.83922324124167,30.70779964336946,5.636528447503686,100.0,0.08,0.6,0.27,1.0,0.004142247671499177,-0.00012988814665770886,0.00012988814665770886,0.00022775171972790712,false,0.0
135,1.0,135,0.02,0.02,0.0,0.005,0.2,0.35,0.15,1.0,2.783978397839784,31.587838440757988,36.19913423805079,33.76656769128431,32.747540875406244,-0.0036649380054463165,0.0002908879243529495,0.0018834081884484663,31.587838474362734,31.58417350275254,72.01646817647232,72.00877159058606,103.59294509333861,30.488730168154582,5.2516285738112956,100.0,0.08,0.6,0.27,1.0,0.0036649380054463165,-0.00011602370362631156,0.00011602370362631156,0.0002908879243529495,false,0.0
136,1.0,136,0.02,0.02,0.0,0.001,0.3,0.35,0.15,1.0,2.45004500450045,29.223995923360448,33.30168720343471,30.721435111704952,30.024740336787723,0.008559339050020043,0.0001354080644444157,0.0017541678718597856,29.2256633910695,29.232555262410468,74.88654241996375,74.88825661510819,104.12081187751866,28.07561210413712,5.823033306909564,100.0,0.08,0.6,0.27,1.0,0.008559339050020043,0.00029288736121052024,0.00029288736121052024,0.0001354080644444157,false,0.0
137,1.0,137,0.02,0.02,0.0,0.0025,0.3,0.35,0.15,1.0,2.5456045604560456,29.81205052753664,34.104699510667686,31.539507050690165,30.73332173010438,-0.006092632836015355,0.00021988340286378314,0.0017582503800664291,29.810734346634046,29.805957894700626,73.93092343794255,73.92812495216076,103.73408284686138,28.733042291126253,5.319657815487844,100.0,0.08,0.6,0.27,1.0,0.006092632836015355,-0.00020436812390304193,0.00020436812390304193,0.00021988340286378314,false,0.0
138,1.0,138,0.02,0.02,0.0,0.003,0.3,0.35,0.15,1.0,2.530903090309031,29.530357987735485,33.828391847968106,31.313172647538266,30.478553929832024,-0.0037409955216851642,1.4073603679230305e-5,0.0017335862430188967,29.529383054837908,29.5266169922138,74.09423113020412,74.09233060540325,103.61894759761705,28.495383978299383,5.1351977770347945,100.0,0.08,0.6,0.27,1.0,0.0037409955216851642,-0.00012668303998342555,0.00012668303998342555,1.4073603679230305e-5,false,0.0
139,1.0,139,0.02,0.02,0.0,0.004,0.3,0.35,0.15,1.0,2.4983498349834985,28.983146062625554,33.29441944595187,30.87743719552421,29.984475664309777,3.4468517640107166e-6,1.674619144866268e-5,0.0017113637428132168,28.983049999157867,28.983149509477318,74.39844709409496,74.39849423049473,103.38164373997205,28.03510222992432,4.761748397196719,100.0,0.08,0.6,0.27,1.0,3.4468517640107166e-6,1.1892607367616012e-7,1.1892607367616012e-7,1.674619144866268e-5,false,0.0
140,1.0,140,0.02,0.02,0.0,0.005,0.3,0.35,0.15,1.0,2.4206420642064206,28.00898730129473,32.26853525819532,29.98644929476309,29.046421594877174,0.014604346803142931,0.00014510922894560424,0.001633409180578074,28.010693538257016,28.023591648097874,75.13267702193492,75.13817205659628,103.16176370469415,27.164707777114828,4.392777824139094,100.0,0.08,0.6,0.27,1.0,0.014604346803142931,0.000521416452727937,0.000521416452727937,0.00014510922894560424,false,0.0
141,1.0,141,0.02,0.02,0.0,0.001,0.5,0.35,0.15,1.0,2.3082808280828084,27.741795046797574,31.443921198392825,29.180114086412093,28.505344442053286,0.029790977383665762,-0.10210076630860367,-0.006189422464859586,27.73154779048427,27.77158602418124,76.46546621233813,75.9378846459679,103.70947067014913,26.778254526541307,5.135749860700267,100.0,0.08,0.6,0.27,1.0,0.029790977383665762,0.0010738662488642653,0.0010738662488642653,-0.10210076630860367,false,0.0
142,1.0,142,0.02,0.02,0.0,0.0025,0.5,0.35,0.15,1.0,1.445044504450445,17.582957187734195,24.44747815437347,18.655751703144585,18.137215821654543,-0.0027002411594772013,2.726546269219644,0.12216890041432511,17.581686336247635,17.580256946574718,60.1538287705012,85.39570174808522,102.97595869465994,17.072195461372658,3.610735224848849,100.0,0.08,0.6,0.27,1.0,0.0027002411594772013,-0.0001535715028277996,0.0001535715028277996,1.002723107456296,false,0.0
143,1.0,143,0.02,0.02,0.0,0.003,0.5,0.35,0.15,1.0,1.6236123612361235,19.620317351038516,22.54607088103385,20.860261832076496,20.261485431859228,-0.0023711760636189183,0.01934640510847003,0.001982350999927498,19.620317929822907,19.617946174974897,83.35283847881661,83.42921342856118,103.04715960353607,19.037833017865836,3.7908456658361844,100.0,0.08,0.6,0.27,1.0,0.0023711760636189183,-0.00012085309433047526,0.00012085309433047526,0.01934640510847003,false,0.0
144,1.0,144,0.02,0.02,0.0,0.004,0.5,0.35,0.15,1.0,0.963096309630963,11.465605803191254,13.171923576302595,12.239053032373462,11.86656429012828,-7.0897429793603806e-6,-0.020591825840358874,0.0001598203288922206,11.46560610595182,11.465598713448275,90.73753490280495,90.67788772793224,102.14348644138052,11.224992520720651,2.421077468455324,100.0,0.08,0.6,0.27,1.0,7.0897429793603806e-6,-6.183487467698456e-7,6.183487467698456e-7,-0.020591825840358874,false,0.0
145,1.0,145,0.02,0.02,0.0,0.005,0.5,0.35,0.15,1.0,1.567956795679568,18.469963766120404,21.315322001916343,19.80086877306557,19.159465421464606,-0.0009675532533073294,0.01095418842754093,0.0014758488060227946,18.469964072999744,18.468996212867097,84.16655730596622,84.20724649514231,102.67624270800941,17.987604265369555,3.282484679075881,100.0,0.08,0.6,0.27,1.0,0.0009675532533073294,-5.238522747305654e-5,5.238522747305654e-5,0.01095418842754093,false,0.0
146,1.0,146,0.02,0.02,0.0,0.001,0.75,0.35,0.15,1.0,0.7625262526252625,9.41517240530541,10.139893634165542,9.923386066264685,9.678386047393195,-5.000205084648712e-5,-0.8924760482266632,-0.14372653898536408,9.41497162725849,9.415122403254564,95.30643151951665,92.65399411114002,102.06911651439458,9.224261681472251,2.284174322788868,100.0,0.08,0.6,0.27,1.0,5.000205084648712e-5,-5.310795033164892e-6,5.310795033164892e-6,-0.8924760482266632,true,0.0
147,1.0,147,0.02,0.02,0.0,0.0025,0.75,0.35,0.15,1.0,1.5459045904590458,18.761787281149104,21.438794087353713,19.902695913405328,19.352435877604687,-0.0009453510489052519,0.009830078166382731,0.0014744457795236286,18.762057349520145,18.7608419301002,84.18107259287473,84.21253055925578,102.97337248935598,18.219119638952723,3.6600237619371034,100.0,0.08,0.6,0.27,1.0,0.0009453510489052519,-5.0387046539808754e-5,5.0387046539808754e-5,0.009830078166382731,false,0.0
148,1.0,148,0.02,0.02,0.0,0.003,0.75,0.35,0.15,1.0,0.7604260426042604,9.14402050066506,9.886001980890578,9.7183231727776,9.442115744262939,0.0007162894883130377,-0.9002607479893888,-0.1437635718045213,9.14458485839126,9.144736790153374,95.37774105886295,92.72236279405996,101.86709958421334,8.97712492794932,2.055026333368204,100.0,0.08,0.6,0.27,1.0,0.0007162894883130377,7.833419536416621e-5,7.833419536416621e-5,-0.9002607479893888,true,0.0
149,1.0,149,0.02,0.02,0.0,0.004,0.75,0.35,0.15,1.0,0.7604260426042604,9.045083278911077,9.805556900922818,9.654635169968554,9.361271882769024,0.00031079234168274184,-0.8923167345484073,-0.14092332207228525,9.045237930716997,9.04539407125276,95.37579525715144,92.72425564225703,101.76964971350979,8.88810573360163,1.9456405703039525,100.0,0.08,0.6,0.27,1.0,0.00031079234168274184,3.4360362652200766e-5,3.4360362652200766e-5,-0.8923167345484073,true,0.0
150,1.0,150,0.02,0.02,0.0,0.005,0.75,0.35,0.15,1.0,0.7565256525652565,8.900767080208468,9.670239177306922,9.541262140930087,9.232866251920557,-1.922794733921762e-5,-0.8925975841454208,-0.13974647102339538,8.900599636821388,8.900747852261128,95.422898541018,92.76691764314118,101.66766549540232,8.754747941629134,1.8306028382075068,100.0,0.08,0.6,0.27,1.0,1.922794733921762e-5,-2.1602573313004026e-6,2.1602573313004026e-6,-0.8925975841454208,true,0.0
