gross_delta,delta,iota,kappa,lambda,sigmah,sigmal,mu_b,m,c,p,vb,debt_diff,eq_deriv,eq_deriv_min_val,eq_min_val,eq_negative,eq_vb,abs_debt_diff,debt_per_diff,abs_debt_per_diff,debt,equity,firm_value,leverage,ROE,V0,r,alpha,pi,xi
0.02,0.02,0.0,0.005,0.1,0.2,0.15,1.0,1.0,6.5,57.52963849016481,44.999249310599716,0.7693294109336009,-1.974902771220522,-1.974902771220522,-2.1608824165574356,true,0.0,0.7693294109336009,0.013372748919065855,0.013372748919065855,58.29896790109841,56.13262038337602,114.43158828447443,50.9465688409117,34.607268832692895,100.0,0.08,0.6,0.27,1.0
0.02,0.02,0.0,0.005,0.1,0.2,0.15,1.0,1.0,6.5,57.52963849016481,48.91904165477741,0.7827360238089085,-2.2256436357593694,-2.2256436357593694,-2.6415240630955754,true,0.0,0.7827360238089085,0.013605787283761987,0.013605787283761987,58.312374513973715,56.00544848637505,114.31782300034877,51.00899665819897,34.34549901420534,100.0,0.08,0.6,0.27,1.0
0.02,0.02,0.0,0.005,0.1,0.2,0.15,1.0,1.0,6.5,57.52963849016481,52.8388339989551,0.7827360238089085,-1.768670322329306,-1.768670322329306,-1.8556496604743398,true,0.0,0.7827360238089085,0.013605787283761987,0.013605787283761987,58.312374513973715,55.80163072623964,114.11400524021334,51.10010326184279,33.856582320680204,100.0,0.08,0.6,0.27,1.0
0.02,0.02,0.0,0.005,0.1,0.2,0.15,1.0,1.0,6.5,57.52963849016481,56.7586263431328,0.7827360238089085,-1.0510482596050446,-1.0510482596050446,-0.7656979688066884,true,0.0,0.7827360238089085,0.013605787283761987,0.013605787283761987,58.312374513973715,55.492109007685094,113.80448352165881,51.239083654270914,33.11410367157055,100.0,0.08,0.6,0.27,1.0
0.02,0.02,0.0,0.005,0.1,0.2,0.15,1.0,1.0,6.5,57.52963849016481,60.6784186873105,0.7827360238089085,-0.20310554918586787,-0.20310554918586787,-0.03463325925771523,false,0.0,0.7827360238089085,0.013605787283761987,0.013605787283761987,58.312374513973715,55.02661328360059,113.3389877975743,51.44952822246902,31.997475610707404,100.0,0.08,0.6,0.27,1.0
0.02,0.02,0.0,0.005,0.1,0.2,0.15,1.0,1.0,6.5,57.52963849016481,64.59821103148819,0.7827360238089085,0.6425352576919182,0.6425352576919182,0.04353002894349502,false,0.0,0.7827360238089085,0.013605787283761987,0.013605787283761987,58.312374513973715,54.31329169200678,112.6256662059805,51.77538697735782,30.286364499730567,100.0,0.08,0.6,0.27,1.0
0.02,0.02,0.0,0.005,0.1,0.2,0.15,1.0,1.0,6.5,57.52963849016481,68.51800337566588,0.7800488288526992,1.3993158043169924,1.0025668683102682,0.09525357921826291,false,0.0,0.7800488288526992,0.013559077535070125,0.013559077535070125,58.309687319017506,53.21867080212175,111.52835812113926,52.282386561885005,27.652366652548622,100.0,0.08,0.6,0.27,1.0
0.02,0.02,0.0,0.005,0.1,0.2,0.15,1.0,1.0,6.5,57.52963849016481,72.43779571984358,0.7022535213239394,2.054940500436873,1.0027930253589512,0.14174621588704917,false,0.0,0.7022535213239394,0.01220681269262618,0.01220681269262618,58.231892011488746,51.5922385483518,109.82413055984054,53.02285728522984,23.520650163380097,100.0,0.08,0.6,0.27,1.0
0.02,0.02,0.0,0.005,0.1,0.2,0.15,1.0,1.0,6.5,57.52963849016481,76.35758806402127,0.5575124459602776,2.630705828096094,1.0031036667350166,0.18386140222205263,false,0.0,0.5575124459602776,0.009690873445269246,0.009690873445269246,58.087150936125084,49.299793754364224,107.38694469048932,54.0914457558541,17.624534851428606,100.0,0.08,0.6,0.27,1.0
0.02,0.02,0.0,0.005,0.1,0.2,0.15,1.0,1.0,6.5,57.52963849016481,80.27738040819897,0.33727792552897284,3.1397300055730386,1.0035233862495292,0.22205330476490837,false,0.0,0.33727792552897284,0.0058626811219513126,0.0058626811219513126,57.86691641569378,46.16619149669341,104.03310791238718,55.62355828533657,9.572306532744367,100.0,0.08,0.6,0.27,1.0
0.02,0.02,0.0,0.005,0.1,0.2,0.15,1.0,1.0,6.5,57.52963849016481,84.19717275237667,0.07218504148053739,3.5919439318105555,1.0040822192768841,0.25666598889200504,false,0.0,0.07218504148053739,0.0012547452647886541,0.0012547452647886541,57.601823531645344,41.93091021294555,99.5327337445909,57.87224098501736,-1.1020904537200282,100.0,0.08,0.6,0.27,1.0
0.02,0.02,0.0,0.005,0.1,0.2,0.15,1.0,1.0,6.5,57.52963849016481,88.11696509655437,-0.10181286385515875,3.996372401914753,1.0048164497390828,0.2880653147717849,false,0.0,0.10181286385515875,-0.0017697462825629357,0.0017697462825629357,57.42782562630965,36.17301376293032,93.60083938923997,61.35396434587034,-15.031321995887348,100.0,0.08,0.6,0.27,1.0
0.02,0.02,0.0,0.005,0.1,0.2,0.15,1.0,1.0,6.5,57.52963849016481,92.03675744073206,0.09921806535808031,4.360559505982141,1.0057695371280033,0.3165785396631106,false,0.0,0.09921806535808031,0.0017246426009619807,0.0017246426009619807,57.62885655552289,28.193596965839948,85.82245352136283,67.14892687282352,-33.46038205746167,100.0,0.08,0.6,0.27,1.0
0.02,0.02,0.0,0.005,0.1,0.2,0.15,1.0,1.0,6.5,57.52963849016481,93.55608414660239,-0.006507677106696974,4.4922337005758886,1.0062085184512086,0.3269137610760814,false,0.0,0.006507677106696974,-0.00011311868590673516,0.00011311868590673516,57.52313081305811,24.28134222046593,81.80447303352403,70.31783065149108,-42.83631848288285,100.0,0.08,0.6,0.27,1.0
0.02,0.02,0.0,0.005,0.1,0.2,0.15,1.0,1.0,6.5,57.52963849016481,95.95654978490975,0.4220867951053293,4.604793760745273,1.0069988286079432,0.3362143795438355,false,0.0,0.4220867951053293,0.007336858116664313,0.007336858116664313,57.951725285270136,16.631557874232982,74.58328315950311,77.700689524937,-60.44651537532215,100.0,0.08,0.6,0.27,1.0
0.02,0.02,0.0,0.005,0.1,0.2,0.15,1.0,1.0,6.5,57.52963849016481,99.87634212908745,2.3757670021953388,4.776803679791057,1.0030835698502698,1.9637909339871362,false,1.6135079362452487,2.3757670021953388,0.041296400682258705,0.041296400682258705,59.905405492360146,2.202009165347073,62.10741465770722,96.4545148474091,-94.50796499531255,100.0,0.08,0.6,0.27,1.0
0.02,0.02,0.0,0.005,0.1,0.2,0.15,1.0,1.0,6.5,58.87078313094467,46.12096548687228,2.066657345489446,-2.0404440862549045,-2.0404440862549045,-2.3668817381521854,true,0.0,2.066657345489446,0.035923350115310726,0.035923350115310726,59.59629583565425,54.46971943625481,114.06601527190907,52.24719711089178,34.81367751504729,100.0,0.08,0.6,0.27,1.0
0.02,0.02,0.0,0.005,0.1,0.2,0.15,1.0,1.0,6.5,58.87078313094467,49.96946795209569,2.0684577719889603,-2.2699043605854943,-2.2699043605854943,-2.8201626781382787,true,0.0,2.0684577719889603,0.035954645749122535,0.035954645749122535,59.59809626215377,54.31575334333336,113.91384960548713,52.31856922451244,34.43859897238808,100.0,0.08,0.6,0.27,1.0
0.02,0.02,0.0,0.005,0.1,0.2,0.15,1.0,1.0,6.5,58.87078313094467,53.817970417319096,2.0684577719889603,-1.840026796402171,-1.840026796402171,-2.0457936947685242,true,0.0,2.0684577719889603,0.035954645749122535,0.035954645749122535,59.59809626215377,54.08200598539959,113.68010224755335,52.42614589875287,33.86004366605777,100.0,0.08,0.6,0.27,1.0
0.02,0.02,0.0,0.005,0.1,0.2,0.15,1.0,1.0,6.5,58.87078313094467,57.66647288254251,2.0684577719889603,-1.1598850949049622,-1.1598850949049622,-0.9412839684235339,true,0.0,2.0684577719889603,0.035954645749122535,0.035954645749122535,59.59809626215377,53.73781453390164,113.3359107960554,52.5853596124522,33.00812477200938,100.0,0.08,0.6,0.27,1.0
0.02,0.02,0.0,0.005,0.1,0.2,0.15,1.0,1.0,6.5,58.87078313094467,61.51497534776591,2.0684577719889603,-0.3538789030299239,-0.3538789030299239,-0.10535456866363233,true,0.0,2.0684577719889603,0.035954645749122535,0.035954645749122535,59.59809626215377,53.23269697227521,112.83079323442897,52.820772196758895,31.75789269160059,100.0,0.08,0.6,0.27,1.0
0.02,0.02,0.0,0.005,0.1,0.2,0.15,1.0,1.0,6.5,58.87078313094467,65.36347781298932,2.0684577719889603,0.46454506031427784,0.46454506031427784,0.03296206380655623,false,0.0,2.0684577719889603,0.035954645749122535,0.035954645749122535,59.59809626215377,52.476502029484244,112.07459829163801,53.177166967905556,29.88621122901991,100.0,0.08,0.6,0.27,1.0
0.02,0.02,0.0,0.005,0.1,0.2,0.15,1.0,1.0,6.5,58.87078313094467,69.21198027821274,2.0571366857696916,1.2115392220862204,1.0022134828791944,0.08565716397953196,false,0.0,2.0571366857696916,0.03575785872739974,0.03575785872739974,59.5867751759345,51.337155278622,110.9239304545565,53.71859339256474,27.030583434290676,100.0,0.08,0.6,0.27,1.0
0.02,0.02,0.0,0.005,0.1,0.2,0.15,1.0,1.0,6.5,58.87078313094467,73.06048274343614,1.9637255848717174,1.8630037156692816,1.002373759212669,0.13338862874428464,false,0.0,1.9637255848717174,0.034134154783667436,0.034134154783667436,59.493364075036524,49.669863637891744,109.16322771292826,54.49945491854552,22.621547071701276,100.0,0.08,0.6,0.27,1.0
0.02,0.02,0.0,0.005,0.1,0.2,0.15,1.0,1.0,6.5,58.87078313094467,76.90898520865954,1.8012012150565724,2.4363364570810924,1.002592133298508,0.17679413395234533,false,0.0,1.8012012150565724,0.03130910018432505,0.03130910018432505,59.33083970522138,47.34644614736002,106.6772858525814,55.61712526808318,16.418548610748363,100.0,0.08,0.6,0.27,1.0
0.02,0.02,0.0,0.005,0.1,0.2,0.15,1.0,1.0,6.5,58.87078313094467,80.75748767388296,1.550509249749794,2.9452464223899315,1.0028850170512733,0.2164015878959284,false,0.0,1.550509249749794,0.0269514860590488,0.0269514860590488,59.0801477399146,44.203700816563114,103.28384855647772,57.2017295691769,8.025074322374536,100.0,0.08,0.6,0.27,1.0
0.02,0.02,0.0,0.005,0.1,0.2,0.15,1.0,1.0,6.5,58.87078313094467,84.60599013910637,1.2359824689386087,3.3988105712161927,1.0032723561823862,0.25251474830465764,false,0.0,1.2359824689386087,0.021484273174251056,0.021484273174251056,58.765620959103416,39.99599643221513,98.76161739131854,59.502489440061666,-3.003276968117352,100.0,0.08,0.6,0.27,1.0
0.02,0.02,0.0,0.005,0.1,0.2,0.15,1.0,1.0,6.5,58.87078313094467,85.6879689419673,1.149352599826294,3.5175144298963663,1.0034014371551334,0.26208313101034286,false,0.0,1.149352599826294,0.01997844293811764,0.01997844293811764,58.6789910899911,38.572211268767454,97.25120235875855,60.3375481914609,-6.652300400573285,100.0,0.08,0.6,0.27,1.0
0.02,0.02,0.0,0.005,0.1,0.2,0.15,1.0,1.0,6.5,58.87078313094467,88.45449260432977,0.9734714698396303,3.805308045405732,1.0037781503372778,0.28546164127759605,false,0.0,0.9734714698396303,0.0169212165309548,0.0169212165309548,58.50310996000444,34.32619264038071,92.82930260038515,63.02224440040306,-17.280083863401774,100.0,0.08,0.6,0.27,1.0
0.02,0.02,0.0,0.005,0.1,0.2,0.15,1.0,1.0,6.5,58.87078313094467,92.30299506955318,1.0202458596187611,4.171942448905418,1.0044310079981054,0.3155566407098648,false,0.0,1.0202458596187611,0.017734265091778407,0.017734265091778407,58.54988434978357,26.538269596334214,85.08815394611779,68.8108527855245,-35.97540277020761,100.0,0.08,0.6,0.27,1.0
0.02,0.02,0.0,0.005,0.1,0.2,0.15,1.0,1.0,6.5,58.87078313094467,96.1514975347766,1.007541894719317,4.504608703652652,1.005264865899431,0.3430675819638114,false,0.0,1.007541894719317,0.01751344039631963,0.01751344039631963,58.537180384884124,15.591890692728814,74.12907107761293,78.96656404016699,-62.395488687304415,100.0,0.08,0.6,0.27,1.0
0.02,0.02,0.0,0.005,0.1,0.2,0.15,1.0,1.0,6.5,58.87078313094467,100.0,2.0684577719889603,4.757036580213873,1.0025469771527442,0.7662771172895214,false,0.4019754462706686,2.0684577719889603,0.035954645749122535,0.035954645749122535,59.59809626215377,0.40197544627066856,60.000071708424436,99.33004172357643,-99.00505815547965,100.0,0.08,0.6,0.27,1.0
0.02,0.02,0.0,0.005,0.1,0.2,0.15,1.0,1.0,6.5,60.21192777172454,47.242138111238816,3.3541795201668734,-2.1026339660362456,-2.1026339660362456,-2.57684957614862,true,0.0,3.3541795201668734,0.05830350421444591,0.05830350421444591,60.88381801033168,52.79195752454133,113.67577553487301,53.55918420073059,34.96193861273365,100.0,0.08,0.6,0.27,1.0
0.02,0.02,0.0,0.005,0.1,0.2,0.15,1.0,1.0,6.5,60.21192777172454,51.0105568175789,3.3541795201668734,-2.3129969315216456,-2.3129969315216456,-3.0037944694765653,true,0.0,3.3541795201668734,0.05830350421444591,0.05830350421444591,60.88381801033168,52.6097324308585,113.49355044119018,53.645178755668866,34.49608257972163,100.0,0.08,0.6,0.27,1.0
0.02,0.02,0.0,0.005,0.1,0.2,0.15,1.0,1.0,6.5,60.21192777172454,54.77897552391899,3.3541795201668734,-1.911240374054053,-1.911240374054053,-2.2462799041342736,true,0.0,3.3541795201668734,0.05830350421444591,0.05830350421444591,60.88381801033168,52.345127983469645,113.22894599380132,53.77054204290195,33.81962482252347,100.0,0.08,0.6,0.27,1.0
0.02,0.02,0.0,0.005,0.1,0.2,0.15,1.0,1.0,6.5,60.21192777172454,58.54739423025907,3.3541795201668734,-1.268033701141388,-1.268033701141388,-1.1347216548812822,true,0.0,3.3541795201668734,0.05830350421444591,0.05830350421444591,60.88381801033168,51.965952842122405,112.84977085245409,53.95121102189431,32.85026860711526,100.0,0.08,0.6,0.27,1.0
0.02,0.02,0.0,0.005,0.1,0.2,0.15,1.0,1.0,6.5,60.21192777172454,62.31581293659915,3.3541795201668734,-0.505026868288539,-0.505026868288539,-0.21392637578717086,true,0.0,3.3541795201668734,0.05830350421444591,0.05830350421444591,60.88381801033168,51.42191360203349,112.30573161236518,54.2125652326263,31.459439511799637,100.0,0.08,0.6,0.27,1.0
0.02,0.02,0.0,0.005,0.1,0.2,0.15,1.0,1.0,6.5,60.21192777172454,66.08423164293924,3.3541795201668734,0.2832778764324742,0.2832778764324742,0.020645983469763502,false,0.0,3.3541795201668734,0.05830350421444591,0.05830350421444591,60.88381801033168,50.62602394737359,111.50984195770528,54.59950165961529,29.424758174878463,100.0,0.08,0.6,0.27,1.0
0.02,0.02,0.0,0.005,0.1,0.2,0.15,1.0,1.0,6.5,60.21192777172454,69.85265034927933,3.330175997072807,1.0172496657303505,1.002407130033738,0.07232795834628221,false,0.0,3.330175997072807,0.05788626670480694,0.05788626670480694,60.859814487237614,49.450164997444524,110.30997948468215,55.17163068250659,26.341161518819,100.0,0.08,0.6,0.27,1.0
0.02,0.02,0.0,0.005,0.1,0.2,0.15,1.0,1.0,6.5,60.21192777172454,73.62106905561942,3.2236162093592426,1.6639712855366058,1.0025713008474064,0.11954389758447884,false,0.0,3.2236162093592426,0.05603400775602558,0.05603400775602558,60.75325469952405,47.75878024341202,108.51203494293607,55.9875729281759,21.68851169126842,100.0,0.08,0.6,0.27,1.0
0.02,0.02,0.0,0.005,0.1,0.2,0.15,1.0,1.0,6.5,60.21192777172454,77.38948776195949,3.0425242615541706,2.2342478130982864,1.002793142525694,0.162513461270442,false,0.0,3.0425242615541706,0.052886205117981346,0.052886205117981346,60.57216275171898,45.42782687871518,105.99998963043416,57.14355535590337,15.217648365168056,100.0,0.08,0.6,0.27,1.0
0.02,0.02,0.0,0.005,0.1,0.2,0.15,1.0,1.0,6.5,60.21192777172454,81.15790646829957,2.760309626959483,2.7423136111129796,1.0030884037165446,0.20182970434498965,false,0.0,2.760309626959483,0.04798065309295107,0.04798065309295107,60.28994811712429,42.30807152458009,102.59801964170438,58.76326690093093,6.542473551450412,100.0,0.08,0.6,0.27,1.0
0.02,0.02,0.0,0.005,0.1,0.2,0.15,1.0,1.0,6.5,60.21192777172454,84.14926946683526,2.4720955943468113,3.107071802084972,1.0033875748177625,0.23063034993173698,false,0.0,2.4720955943468113,0.04297081746427865,0.04297081746427865,60.00173408451162,39.12411165767652,99.12584574218815,60.530867237760944,-2.1854803897220054,100.0,0.08,0.6,0.27,1.0
0.02,0.02,0.0,0.005,0.1,0.2,0.15,1.0,1.0,6.5,60.21192777172454,84.92632517463966,2.3923999336689477,3.1967690298235607,1.00347613706032,0.2377820097464106,false,0.0,2.3923999336689477,0.04158552002856666,0.04158552002856666,59.922038423833754,38.173297334134205,98.09533575796796,61.08551233432776,-4.752397994125324,100.0,0.08,0.6,0.27,1.0
0.02,0.02,0.0,0.005,0.1,0.2,0.15,1.0,1.0,6.5,60.21192777172454,88.69474388097974,2.032267934665235,3.605102469454109,1.0039792547572384,0.2706538127060074,false,0.0,2.032267934665235,0.035325581526340875,0.035325581526340875,59.56190642483004,32.65693863539813,92.21884506022818,64.5875649233409,-19.242140891997106,100.0,0.08,0.6,0.27,1.0
0.02,0.02,0.0,0.005,0.1,0.2,0.15,1.0,1.0,6.5,60.21192777172454,92.46316258731983,1.6373600288854675,3.974077346813312,1.0046249151720787,0.3007354360462302,false,0.0,1.6373600288854675,0.02846115622933018,0.02846115622933018,59.166998519050274,25.15634418790208,84.32334270695236,70.16680864357151,-38.39212579158907,100.0,0.08,0.6,0.27,1.0
0.02,0.02,0.0,0.005,0.1,0.2,0.15,1.0,1.0,6.5,60.21192777172454,96.23158129365991,1.5432751004139433,4.309386179377846,1.0054450879928654,0.3282851372626481,false,0.0,1.5432751004139433,0.026825739582524575,0.026825739582524575,59.07291359057875,14.720401347273182,73.79331493785193,80.05184973778374,-64.03261839844869,100.0,0.08,0.6,0.27,1.0
0.02,0.02,0.0,0.005,0.1,0.2,0.15,1.0,1.0,6.5,60.21192777172454,100.0,2.4703615098348024,4.607102571020608,1.0064779994782023,0.352862942747268,false,0.0,2.4703615098348024,0.042940675009754015,0.042940675009754015,59.99999999999961,-8.606486101325342e-18,59.99999999999961,100.0,-100.0,100.0,0.08,0.6,0.27,1.0
0.02,0.02,0.0,0.005,0.1,0.2,0.15,1.0,1.0,6.5,61.553072412504406,48.36276720515882,4.63990126834593,-2.161991120385374,-2.161991120385374,-2.7907569169727915,true,0.0,4.63990126834593,0.08065236267978916,0.08065236267978916,62.16953975851074,51.0953226711754,113.26486242968613,54.88863750406713,35.06397317138203,100.0,0.08,0.6,0.27,1.0
0.02,0.02,0.0,0.005,0.1,0.2,0.15,1.0,1.0,6.5,61.553072412504406,52.0511409762189,4.63990126834593,-2.3548387089151386,-2.3548387089151386,-3.1914284900883727,true,0.0,4.63990126834593,0.08065236267978916,0.08065236267978916,62.16953975851074,50.88321035994514,113.05275011845588,54.99162089676716,34.50328131123479,100.0,0.08,0.6,0.27,1.0
0.02,0.02,0.0,0.005,0.1,0.2,0.15,1.0,1.0,6.5,61.553072412504406,55.73951474727899,4.63990126834593,-1.9798505642230722,-1.9798505642230722,-2.4525144015530826,true,0.0,4.63990126834593,0.08065236267978916,0.08065236267978916,62.16953975851074,50.5859182650367,112.75545802354745,55.13661231860498,33.71742754944951,100.0,0.08,0.6,0.27,1.0
0.02,0.02,0.0,0.005,0.1,0.2,0.15,1.0,1.0,6.5,61.553072412504406,59.427888518339074,4.63990126834593,-1.371073764401904,-1.371073764401904,-1.3389657473332117,true,0.0,4.63990126834593,0.08065236267978916,0.08065236267978916,62.16953975851074,50.16989930106178,112.33943905957253,55.34079596529126,32.617734441516674,100.0,0.08,0.6,0.27,1.0
0.02,0.02,0.0,0.005,0.1,0.2,0.15,1.0,1.0,6.5,61.553072412504406,63.11626228939915,4.63990126834593,-0.6493630042983934,-0.6493630042983934,-0.35287908300565757,true,0.0,4.63990126834593,0.08065236267978916,0.08065236267978916,62.16953975851074,49.584977895414454,111.75451765392519,55.63044882984839,31.071569256336517,100.0,0.08,0.6,0.27,1.0
0.02,0.02,0.0,0.005,0.1,0.2,0.15,1.0,1.0,6.5,61.553072412504406,66.80463606045925,4.63990126834593,0.10781430281601616,0.10781430281601616,0.008937491066055396,false,0.0,4.63990126834593,0.08065236267978916,0.08065236267978916,62.16953975851074,48.747578472305335,110.91711823081607,56.050446270283814,28.85801061136204,100.0,0.08,0.6,0.27,1.0
0.02,0.02,0.0,0.005,0.1,0.2,0.15,1.0,1.0,6.5,61.553072412504406,70.49300983151933,4.5984010834518685,0.8257705103907669,0.8257705103907669,0.06105781188964283,false,0.0,4.5984010834518685,0.07993099216568178,0.07993099216568178,62.128039573616675,47.53536880545106,109.66340837906773,56.65339103711054,25.515997245116907,100.0,0.08,0.6,0.27,1.0
0.02,0.02,0.0,0.005,0.1,0.2,0.15,1.0,1.0,6.5,61.553072412504406,74.18138360257942,4.479441494000852,1.466973612679442,1.0021946656101313,0.10935287084102978,false,0.0,4.479441494000852,0.077863195590333,0.077863195590333,62.00907998416566,45.823916024348314,107.83299600851397,57.50473628616395,20.618074016763053,100.0,0.08,0.6,0.27,1.0
0.02,0.02,0.0,0.005,0.1,0.2,0.15,1.0,1.0,6.5,61.553072412504406,77.86975737363949,4.277384511521099,2.0338021226726575,1.002349190229196,0.1534731974691955,false,0.0,4.277384511521099,0.07435097149536851,0.07435097149536851,61.807023001685906,43.49157773554513,105.29860073723103,58.69690819151829,13.873233127297002,100.0,0.08,0.6,0.27,1.0
0.02,0.02,0.0,0.005,0.1,0.2,0.15,1.0,1.0,6.5,61.553072412504406,81.55813114469957,3.9604206370200146,2.5401984596506346,1.0025533193029033,0.19402775750067802,false,0.0,3.9604206370200146,0.06884139620827068,0.06884139620827068,61.49005912718482,40.401480676306264,101.89153980349109,60.34854242636345,4.9118221441528,100.0,0.08,0.6,0.27,1.0
0.02,0.02,0.0,0.005,0.1,0.2,0.15,1.0,1.0,6.5,61.553072412504406,82.91306879887505,3.814614225660975,2.7128620843522144,1.0026431748914346,0.20809758524465344,false,0.0,3.814614225660975,0.06630693892354489,0.06630693892354489,61.34425271582578,39.03856739441324,100.38282011023902,61.11031015910727,0.9903316767484904,100.0,0.08,0.6,0.27,1.0
0.02,0.02,0.0,0.005,0.1,0.2,0.15,1.0,1.0,6.5,61.553072412504406,85.24650491575966,3.534605900186776,2.994855623212582,1.0028195759065888,0.2313345792177166,false,0.0,3.534605900186776,0.06143973772390465,0.06143973772390465,61.06424439035158,36.34775354679882,97.4119979371504,62.68657422440903,-6.646852031833383,100.0,0.08,0.6,0.27,1.0
0.02,0.02,0.0,0.005,0.1,0.2,0.15,1.0,1.0,6.5,61.553072412504406,88.93487868681974,3.0723799114675927,3.4045288439285644,1.0031628158260508,0.2656378552072595,false,0.0,3.0723799114675927,0.05340516631254067,0.05340516631254067,60.6020184016324,30.99371474054092,91.59573314217332,66.16249067799588,-21.331719334004916,100.0,0.08,0.6,0.27,1.0
0.02,0.02,0.0,0.005,0.1,0.2,0.15,1.0,1.0,6.5,61.553072412504406,92.62325245787983,2.473463648156205,3.7754409276831695,1.0036007597345207,0.2971992105849212,false,0.0,2.473463648156205,0.0429945974470023,0.0429945974470023,60.00310213832101,23.78775744861177,83.79085958693278,71.6105580419162,-40.52599396363984,100.0,0.08,0.6,0.27,1.0
0.02,0.02,0.0,0.005,0.1,0.2,0.15,1.0,1.0,6.5,61.553072412504406,96.31162622893991,2.0610497167889363,4.113025019094842,1.0041541273806531,0.32626630681550917,false,0.0,2.0610497167889363,0.03582587638094216,0.03582587638094216,59.59068820695374,13.863029874597785,73.45371808155153,81.12685070726243,-65.69347692532746,100.0,0.08,0.6,0.27,1.0
0.02,0.02,0.0,0.005,0.1,0.2,0.15,1.0,1.0,6.5,61.553072412504406,100.0,2.4703615098348024,4.421811114931503,1.004847116337171,0.3530535966158041,false,0.0,2.4703615098348024,0.042940675009754015,0.042940675009754015,59.99999999999961,1.721295924879564e-17,59.99999999999961,100.0,-100.0,100.0,0.08,0.6,0.27,1.0
0.02,0.02,0.0,0.005,0.1,0.2,0.15,1.0,1.0,6.5,62.89421705328427,49.48449982476639,5.925623016526373,-2.218723333508365,-2.218723333508365,-3.0085507277703143,true,0.0,5.925623016526373,0.1030012211451565,0.1030012211451565,63.45526150669118,49.38339240588947,112.83865391258064,56.23539390664107,35.13133337903442,100.0,0.08,0.6,0.27,1.0
0.02,0.02,0.0,0.005,0.1,0.2,0.15,1.0,1.0,6.5,62.89421705328427,53.09274983728307,5.925623016526373,-2.395157392093183,-2.395157392093183,-3.3824613846016205,true,0.0,5.925623016526373,0.1030012211451565,0.1030012211451565,63.45526150669118,49.139652355120504,112.59491386181168,56.357129580977485,34.46436992323192,100.0,0.08,0.6,0.27,1.0
0.02,0.02,0.0,0.005,0.1,0.2,0.15,1.0,1.0,6.5,62.89421705328427,56.700999849799764,5.925623016526373,-2.045429064790663,-2.045429064790663,-2.662909356560688,true,0.0,5.925623016526373,0.1030012211451565,0.1030012211451565,63.45526150669118,48.80776639772806,112.26302790441923,56.52373955271989,33.55620647460522,100.0,0.08,0.6,0.27,1.0
0.02,0.02,0.0,0.005,0.1,0.2,0.15,1.0,1.0,6.5,62.89421705328427,60.30924986231645,5.925623016526373,-1.469057386303936,-1.469057386303936,-1.551862324155663,true,0.0,5.925623016526373,0.1030012211451565,0.1030012211451565,63.45526150669118,48.35301460931376,111.80827611600495,56.753635518764426,32.311836403390835,100.0,0.08,0.6,0.27,1.0
0.02,0.02,0.0,0.005,0.1,0.2,0.15,1.0,1.0,6.5,62.89421705328427,63.91749987483313,5.925623016526373,-0.7866565836045981,-0.7866565836045981,-0.5173694261570956,true,0.0,5.925623016526373,0.1030012211451565,0.1030012211451565,63.45526150669118,47.72531006177576,111.18057156846695,57.07405584582224,30.594203240814146,100.0,0.08,0.6,0.27,1.0
0.02,0.02,0.0,0.005,0.1,0.2,0.15,1.0,1.0,6.5,62.89421705328427,67.52574988734982,5.924239822573597,-0.061143798547258765,-0.061143798547258765,-0.0036154309040978,false,0.0,5.924239822573597,0.10297717799124355,0.10297717799124355,63.453878312738404,46.84456145506999,110.29843976780839,57.529261924571664,28.17929589338064,100.0,0.08,0.6,0.27,1.0
0.02,0.02,0.0,0.005,0.1,0.2,0.15,1.0,1.0,6.5,62.89421705328427,71.13399989986651,5.861607930221574,0.6382245401240989,0.6382245401240989,0.04761453603182494,false,0.0,5.861607930221574,0.10188848885646425,0.10188848885646425,63.39124642038638,45.597076856853924,108.98832327724031,58.163337607400535,24.552388154087957,100.0,0.08,0.6,0.27,1.0
0.02,0.02,0.0,0.005,0.1,0.2,0.15,1.0,1.0,6.5,62.89421705328427,74.74224991238319,5.730351458684737,1.272450267263524,1.0023733059529278,0.0952437714146352,false,0.0,5.730351458684737,0.09960694363939712,0.09960694363939712,63.259989948849544,43.86924900683333,107.12923895568287,59.05016274316939,19.40456452177708,100.0,0.08,0.6,0.27,1.0
0.02,0.02,0.0,0.005,0.1,0.2,0.15,1.0,1.0,6.5,62.89421705328427,78.35049992489988,5.50472630688914,1.8354826814134027,1.002530040912594,0.138882825615597,false,0.0,5.50472630688914,0.09568504950418245,0.09568504950418245,63.03436479705395,41.5422283752587,104.57659317231264,60.27578723394742,12.380669633259567,100.0,0.08,0.6,0.27,1.0
0.02,0.02,0.0,0.005,0.1,0.2,0.15,1.0,1.0,6.5,62.89421705328427,81.87031084521887,5.159973551642018,2.3277988544977273,1.0027298374197369,0.17809375194813945,false,0.0,5.159973551642018,0.08969243831636732,0.08969243831636732,62.689612041806825,38.57393817537597,101.2635502171828,61.90738119229935,3.3865909370833114,100.0,0.08,0.6,0.27,1.0
0.02,0.02,0.0,0.005,0.1,0.2,0.15,1.0,1.0,6.5,62.89421705328427,81.95874993741657,5.1496125881652475,2.3395302464625622,1.0027355503137227,0.17903993577062655,false,0.0,5.1496125881652475,0.08951234047899707,0.08951234047899707,62.679251078330054,38.489166602970755,101.16841768130081,61.95535377036464,3.130745537162505,100.0,0.08,0.6,0.27,1.0
0.02,0.02,0.0,0.005,0.1,0.2,0.15,1.0,1.0,6.5,62.89421705328427,85.56699994993325,4.661259395022562,2.793722174885338,1.0030017355370329,0.21608602799328264,false,0.0,4.661259395022562,0.08102361699734033,0.08102361699734033,62.19089788518737,34.52478783334551,96.71568571853288,64.30280406239234,-8.686570422894036,100.0,0.08,0.6,0.27,1.0
0.02,0.02,0.0,0.005,0.1,0.2,0.15,1.0,1.0,6.5,62.89421705328427,89.17524996244994,4.092709061753666,3.2042490142669857,1.0033428182712134,0.2502370928886368,false,0.0,4.092709061753666,0.07114087919139889,0.07114087919139889,61.62234755191847,29.341686089791473,90.96403364170995,67.74364007937159,-23.54486473739942,100.0,0.08,0.6,0.27,1.0
0.02,0.02,0.0,0.005,0.1,0.2,0.15,1.0,1.0,6.5,62.89421705328427,92.78349997496663,3.2874083360477897,3.5767669345280333,1.0037754189136974,0.28172108574305943,false,0.0,3.2874083360477897,0.05714286448383994,0.05714286448383994,60.8170468262126,22.43688625363628,83.25393307984888,73.05005850940753,-42.73814392161206,100.0,0.08,0.6,0.27,1.0
0.02,0.02,0.0,0.005,0.1,0.2,0.15,1.0,1.0,6.5,62.89421705328427,96.39174998748331,2.560600330094843,3.9163909328918667,1.0043191486855776,0.31076754425307324,false,0.0,2.560600330094843,0.0445092372783222,0.0445092372783222,60.09023882025965,13.022632587110415,73.11287140737006,82.18831741055422,-67.36980577643452,100.0,0.08,0.6,0.27,1.0
0.02,0.02,0.0,0.005,0.1,0.2,0.15,1.0,1.0,6.5,62.89421705328427,100.0,2.4703615098348024,4.227485830102462,1.0049966724574486,0.33758240432596887,false,0.0,2.4703615098348024,0.042940675009754015,0.042940675009754015,59.99999999999961,1.0327775549277385e-17,59.99999999999961,100.0,-100.0,100.0,0.08,0.6,0.27,1.0
0.02,0.02,0.0,0.005,0.1,0.2,0.15,1.0,1.0,6.5,64.23536169406414,50.60592797262699,7.21134476470521,-2.272890399408542,-2.272890399408542,-3.2295669208839146,true,0.0,7.21134476470521,0.12535007961049593,0.12535007961049593,64.74098325487002,47.654622297893454,112.39560555276347,57.60099154808835,35.155845786526555,100.0,0.08,0.6,0.27,1.0
0.02,0.02,0.0,0.005,0.1,0.2,0.15,1.0,1.0,6.5,64.23536169406414,54.13407597458221,7.21134476470521,-2.434225220276419,-2.434225220276419,-3.577321575486662,true,0.0,7.21134476470521,0.12535007961049593,0.12535007961049593,64.74098325487002,47.37740822377093,112.11839147864094,57.743410693867716,34.36962399217995,100.0,0.08,0.6,0.27,1.0
0.02,0.02,0.0,0.005,0.1,0.2,0.15,1.0,1.0,6.5,64.23536169406414,57.662223976537426,7.21134476470521,-2.1083893982060733,-2.1083893982060733,-2.877728971342053,true,0.0,7.21134476470521,0.12535007961049593,0.12535007961049593,64.74098325487002,47.00894957829943,111.74993283316945,57.93380059701807,33.32461854538913,100.0,0.08,0.6,0.27,1.0
0.02,0.02,0.0,0.005,0.1,0.2,0.15,1.0,1.0,6.5,64.23536169406414,61.190371978492635,7.21134476470521,-1.5628153579092305,-1.5628153579092305,-1.773507944781519,true,0.0,7.21134476470521,0.12535007961049593,0.12535007961049593,64.74098325487002,46.51355263778574,111.25453589265575,58.191769652731764,31.919596550321415,100.0,0.08,0.6,0.27,1.0
0.02,0.02,0.0,0.005,0.1,0.2,0.15,1.0,1.0,6.5,64.23536169406414,64.71851998044785,7.21134476470521,-0.9175519935072078,-0.9175519935072078,-0.7039547609421886,true,0.0,7.21134476470521,0.12535007961049593,0.12535007961049593,64.74098325487002,45.841231965922645,110.58221522079266,58.5455655103361,30.012791613805547,100.0,0.08,0.6,0.27,1.0
0.02,0.02,0.0,0.005,0.1,0.2,0.15,1.0,1.0,6.5,64.23536169406414,68.24666798240307,7.201967197588694,-0.22389145410109898,-0.22389145410109898,-0.04936078760351591,false,0.0,7.201967197588694,0.12518707550752178,0.12518707550752178,64.7316056877535,44.91564294887483,109.64724863662833,59.036233460152246,27.35380735288664,100.0,0.08,0.6,0.27,1.0
0.02,0.02,0.0,0.005,0.1,0.2,0.15,1.0,1.0,6.5,64.23536169406414,71.77481598435828,7.1250861022110925,0.45481859085932463,0.45481859085932463,0.034383141808049016,false,0.0,7.1250861022110925,0.1238507018157117,0.1238507018157117,64.6547245923759,43.63457677394136,108.28930136631726,59.705551496416206,23.452360381181904,100.0,0.08,0.6,0.27,1.0
0.02,0.02,0.0,0.005,0.1,0.2,0.15,1.0,1.0,6.5,64.23536169406414,75.3029639863135,6.975428874404479,1.080064551509944,1.0025628732928138,0.08121700988263592,false,0.0,6.975428874404479,0.12124930831256638,0.12124930831256638,64.50506736456929,41.893608571833354,106.39867593640264,60.62581775277515,18.027012481256378,100.0,0.08,0.6,0.27,1.0
0.02,0.02,0.0,0.005,0.1,0.2,0.15,1.0,1.0,6.5,64.23536169406414,78.83111198826872,6.723408606027043,1.6388788075401508,1.0027217078374955,0.12436052772637962,false,0.0,6.723408606027043,0.11686860516560466,0.11686860516560466,64.25304709619185,39.57872254737144,103.83176964356329,61.88187615097149,10.719150395487521,100.0,0.08,0.6,0.27,1.0
0.02,0.02,0.0,0.005,0.1,0.2,0.15,1.0,1.0,6.5,64.23536169406414,80.82255976097004,6.518792483158741,1.9281790056591295,1.0028318364881326,0.14717839258073695,false,0.0,6.518792483158741,0.11331189721056886,0.11331189721056886,64.04843097332355,37.97495631722841,102.02338729055197,62.77818515368471,5.628091750461794,100.0,0.08,0.6,0.27,1.0
0.02,0.02,0.0,0.005,0.1,0.2,0.15,1.0,1.0,6.5,64.23536169406414,82.35925999022393,6.3266517394045465,2.1400986408161633,1.002928461384412,0.16409980153254813,false,0.0,6.3266517394045465,0.10997204059410425,0.10997204059410425,63.85629022956935,36.57087103797329,100.42716126754264,63.584681099820415,1.1818412394737354,100.0,0.08,0.6,0.27,1.0
0.02,0.02,0.0,0.005,0.1,0.2,0.15,1.0,1.0,6.5,64.23536169406414,85.88740799217913,5.771043747142748,2.5931299561541747,1.0031944511787017,0.20084579238857048,false,0.0,5.771043747142748,0.10031427101926528,0.10031427101926528,63.300682237307555,32.70417100872262,96.00485324603017,65.93487734946886,-10.88616082675844,100.0,0.08,0.6,0.27,1.0
0.02,0.02,0.0,0.005,0.1,0.2,0.15,1.0,1.0,6.5,64.23536169406414,89.41555599413435,5.092202277907695,3.0039428738312544,1.0035331344339318,0.2348122693053143,false,0.0,5.092202277907695,0.08851441468345489,0.08851441468345489,62.6218407680725,27.700431576229967,90.32227234430246,69.33156035906872,-25.891397154280014,100.0,0.08,0.6,0.27,1.0
0.02,0.02,0.0,0.005,0.1,0.2,0.15,1.0,1.0,6.5,64.23536169406414,92.94370399608957,4.0784797515639895,3.3776611540688863,1.0039602473983045,0.2661964191764264,false,0.0,4.0784797515639895,0.07089354041849648,0.07089354041849648,61.608118241728796,21.103024610489012,82.7111428522178,74.48587471679076,-45.03258594261912,100.0,0.08,0.6,0.27,1.0
0.02,0.02,0.0,0.005,0.1,0.2,0.15,1.0,1.0,6.5,64.23536169406414,96.47185199804478,3.0416670433373056,3.7190067606031025,1.004494159221489,0.2952040991376654,false,0.0,3.0416670433373056,0.05287130465555255,0.05287130465555255,60.57130553350211,12.198430047068609,72.76973558057072,83.23694603292533,-69.06204932188795,100.0,0.08,0.6,0.27,1.0
0.02,0.02,0.0,0.005,0.1,0.2,0.15,1.0,1.0,6.5,64.23536169406414,100.0,2.4703615098348024,4.032144000595238,1.0051562452657408,0.3220301781786023,false,0.0,2.4703615098348024,0.042940675009754015,0.042940675009754015,59.99999999999961,0.0,59.99999999999961,100.0,-100.0,100.0,0.08,0.6,0.27,1.0
0.02,0.02,0.0,0.005,0.1,0.2,0.15,1.0,1.0,6.5,65.57650633484401,51.72672224510675,8.497066512885333,-2.3247602116088184,-2.3247602116088184,-3.453812647521898,true,0.0,8.497066512885333,0.1476989380758577,0.1476989380758577,66.02670500305014,45.90731414391076,111.9340191469609,58.98716539103458,35.12764701814275,100.0,0.08,0.6,0.27,1.0
0.02,0.02,0.0,0.005,0.1,0.2,0.15,1.0,1.0,6.5,65.57650633484401,55.17481351331341,8.497066512885333,-2.472263706020037,-2.472263706020037,-3.7758071999816663,true,0.0,8.497066512885333,0.1476989380758577,0.1476989380758577,66.02670500305014,45.59469800411927,111.62140300716942,59.152369728598785,34.207465034559604,100.0,0.08,0.6,0.27,1.0
0.02,0.02,0.0,0.005,0.1,0.2,0.15,1.0,1.0,6.5,65.57650633484401,58.62290478152007,8.497066512885333,-2.1690114931854514,-2.1690114931854514,-3.096890199525524,true,0.0,8.497066512885333,0.1476989380758577,0.1476989380758577,66.02670500305014,45.18762275383366,111.21432775688379,59.368883789313124,33.00924375422114,100.0,0.08,0.6,0.27,1.0
0.02,0.02,0.0,0.005,0.1,0.2,0.15,1.0,1.0,6.5,65.57650633484401,62.07099604972673,8.497066512885333,-1.6529402638974213,-1.6529402638974213,-2.0035837205545,true,0.0,8.497066512885333,0.1476989380758577,0.1476989380758577,66.02670500305014,44.64961770943063,110.67632271248077,59.657479924208246,31.425632142655857,100.0,0.08,0.6,0.27,1.0
0.02,0.02,0.0,0.005,0.1,0.2,0.15,1.0,1.0,6.5,65.57650633484401,65.5190873179334,8.497066512885333,-1.0425278230810118,-1.0425278230810118,-0.9092752287831597,true,0.0,8.497066512885333,0.1476989380758577,0.1476989380758577,66.02670500305014,43.930884799127135,109.95758980217727,60.04742839656417,29.31005015283703,100.0,0.08,0.6,0.27,1.0
0.02,0.02,0.0,0.005,0.1,0.2,0.15,1.0,1.0,6.5,65.57650633484401,68.96717858614005,8.473092344353098,-0.38075280471121975,-0.38075280471121975,-0.14156857048546448,true,0.0,8.473092344353098,0.14728221081732762,0.14728221081732762,66.0027308345179,42.95989086699355,108.96262170151145,60.57373602419697,26.36276948564835,100.0,0.08,0.6,0.27,1.0
0.02,0.02,0.0,0.005,0.1,0.2,0.15,1.0,1.0,6.5,65.57650633484401,72.41526985434672,8.380562116576577,0.2757491685094682,0.2757491685094682,0.02210524405533103,false,0.0,8.380562116576577,0.14567381851372674,0.14567381851372674,65.91020060674138,41.64718892791764,107.55738953465902,61.27910029417612,22.169064263116557,100.0,0.08,0.6,0.27,1.0
0.02,0.02,0.0,0.005,0.1,0.2,0.15,1.0,1.0,6.5,65.57650633484401,75.86336112255337,8.213606587746959,0.8896489413641668,0.8896489413641668,0.06951617617681685,false,0.0,8.213606587746959,0.14277173998149054,0.14277173998149054,65.74324507791177,39.895906053146376,105.63915113105814,62.23378773306245,16.461428246439368,100.0,0.08,0.6,0.27,1.0
0.02,0.02,0.0,0.005,0.1,0.2,0.15,1.0,1.0,6.5,65.57650633484401,79.31145239076004,7.932162601263862,1.4436827826685714,1.0023063951252749,0.1136531057099419,false,0.0,7.932162601263862,0.13787958362748853,0.13787958362748853,65.46180109142867,37.60001792719311,103.06181901862178,63.51702474764265,8.865022251817312,100.0,0.08,0.6,0.27,1.0
0.02,0.02,0.0,0.005,0.1,0.2,0.15,1.0,1.0,6.5,65.57650633484401,79.83025739102442,7.876736710223632,1.5219504063768163,1.0023256321411107,0.11999398928835076,false,0.0,7.876736710223632,0.13691615169057997,0.13691615169057997,65.40637520038844,37.20058185241232,102.60695705280077,63.74458134133225,7.5359464869666715,100.0,0.08,0.6,0.27,1.0
0.02,0.02,0.0,0.005,0.1,0.2,0.15,1.0,1.0,6.5,65.57650633484401,82.75954365896669,7.490148281257653,1.941723968970901,1.0024490377546484,0.15445212548694043,false,0.0,7.490148281257653,0.13019633840630093,0.13019633840630093,65.01978677142246,34.64625354914446,99.66604032056692,65.23765423236652,-0.9547102450486067,100.0,0.08,0.6,0.27,1.0
0.02,0.02,0.0,0.005,0.1,0.2,0.15,1.0,1.0,6.5,65.57650633484401,86.20763492717336,6.862572314749478,2.3928953190540247,1.0026313280985486,0.19232787256356226,false,0.0,6.862572314749478,0.11928759670413529,0.11928759670413529,64.39221080491428,30.88572139331727,95.27793219823155,67.58355195087815,-13.26133385001096,100.0,0.08,0.6,0.27,1.0
0.02,0.02,0.0,0.005,0.1,0.2,0.15,1.0,1.0,6.5,65.57650633484401,89.65572619538001,6.069832073051295,2.8033737346286616,1.0028619857841294,0.22752634203564726,false,0.0,6.069832073051295,0.10550791265773356,0.10550791265773356,63.5994705632161,26.069665777142003,89.66913634035811,70.92682405438914,-28.381080768573185,100.0,0.08,0.6,0.27,1.0
0.02,0.02,0.0,0.005,0.1,0.2,0.15,1.0,1.0,6.5,65.57650633484401,93.10381746358668,4.845939282548599,3.1778023205332384,1.0031512208360271,0.2602184347749055,false,0.0,4.845939282548599,0.0842337864399592,0.0842337864399592,62.375577772713406,19.785583136960366,82.16116090967377,75.91856916589553,-47.41292499473615,100.0,0.08,0.6,0.27,1.0
0.02,0.02,0.0,0.005,0.1,0.2,0.15,1.0,1.0,6.5,65.57650633484401,96.55190873179333,3.5040071012168212,3.520482648469659,1.003510863562626,0.29058578841618743,false,0.0,3.5040071012168212,0.06090785885636778,0.06090785885636778,61.03364559138163,11.389750857750657,72.42339644913228,84.2733820613475,-70.77029393534559,100.0,0.08,0.6,0.27,1.0
0.02,0.02,0.0,0.005,0.1,0.2,0.15,1.0,1.0,6.5,65.57650633484401,100.0,2.4703615098348024,3.835330438935916,1.003954609226137,0.31881066223654725,false,0.0,2.4703615098348024,0.042940675009754015,0.042940675009754015,59.99999999999961,-8.606473146957997e-18,59.99999999999961,100.0,-100.0,100.0,0.08,0.6,0.27,1.0
0.02,0.02,0.0,0.005,0.1,0.2,0.15,1.0,1.0,6.5,66.91765097562387,52.848010981960314,9.782788261064319,-2.374373421186915,-2.374373421186915,-3.6807732638061657,true,0.0,9.782788261064319,0.17004779654119975,0.17004779654119975,67.31242675122913,44.14492790310548,111.45735465433461,60.39298793694394,35.051102041554685,100.0,0.08,0.6,0.27,1.0
0.02,0.02,0.0,0.005,0.1,0.2,0.15,1.0,1.0,6.5,66.91765097562387,56.21601019753458,9.782788261064319,-2.509008651244548,-2.509008651244548,-3.9775362380270667,true,0.0,9.782788261064319,0.17004779654119975,0.17004779654119975,67.31242675122913,43.79489909485187,111.107325846081,60.58324798895642,33.98027061093822,100.0,0.08,0.6,0.27,1.0
0.02,0.02,0.0,0.005,0.1,0.2,0.15,1.0,1.0,6.5,66.91765097562387,59.58400941310884,9.782788261064319,-2.2269678097682637,-2.2269678097682637,-3.3193742648834417,true,0.0,9.782788261064319,0.17004779654119975,0.17004779654119975,67.31242675122913,43.347126622222035,110.65955337345116,60.8283918552109,32.61041525574855,100.0,0.08,0.6,0.27,1.0
0.02,0.02,0.0,0.005,0.1,0.2,0.15,1.0,1.0,6.5,66.91765097562387,62.9520086286831,9.782788261064319,-1.7393022859210394,-1.7393022859210394,-2.24112192117685,true,0.0,9.782788261064319,0.17004779654119975,0.17004779654119975,67.31242675122913,42.764557761855514,110.07698451308464,61.15031861472171,30.828181818188515,100.0,0.08,0.6,0.27,1.0
0.02,0.02,0.0,0.005,0.1,0.2,0.15,1.0,1.0,6.5,66.91765097562387,66.32000784425736,9.781355786173073,-1.1614219409174655,-1.1614219409174655,-1.1304964968871505,true,0.0,9.781355786173073,0.1700228967690329,0.1700228967690329,67.31099427633788,41.99771655011221,109.3087108264501,61.57880169605864,28.47657987869581,100.0,0.08,0.6,0.27,1.0
0.02,0.02,0.0,0.005,0.1,0.2,0.15,1.0,1.0,6.5,66.91765097562387,69.68800705983163,9.7379422260205,-0.5314231817885239,-0.5314231817885239,-0.2736617191848481,true,0.0,9.7379422260205,0.16926826730686456,0.16926826730686456,67.26758071618531,40.9819624179048,108.24954313409012,62.141214427907634,25.202974037941917,100.0,0.08,0.6,0.27,1.0
0.02,0.02,0.0,0.005,0.1,0.2,0.15,1.0,1.0,6.5,66.91765097562387,73.05600627540589,9.630924920140522,0.10176926259568428,0.10176926259568428,0.008993193385580743,false,0.0,9.630924920140522,0.16740805561966138,0.16740805561966138,67.16056341030533,39.63976269893467,106.80032610923999,62.88423065451186,20.707803834168104,100.0,0.08,0.6,0.27,1.0
0.02,0.02,0.0,0.005,0.1,0.2,0.15,1.0,1.0,6.5,66.91765097562387,76.42400549098016,9.443636819352967,0.7021100339979665,0.7021100339979665,0.05525968000405558,false,0.0,9.443636819352967,0.16415254931538356,0.16415254931538356,66.97327530951777,37.8813595138733,104.85463482339108,63.87249874297145,14.699110701673979,100.0,0.08,0.6,0.27,1.0
0.02,0.02,0.0,0.005,0.1,0.2,0.15,1.0,1.0,6.5,66.91765097562387,78.81204185516242,9.237320574901027,1.0966685001754144,1.0024433013394924,0.08646010898476963,false,0.0,9.237320574901027,0.16056628926114713,0.16056628926114713,66.76695906506583,36.33058498621162,103.09754405127745,64.7609598070135,9.320675942180646,100.0,0.08,0.6,0.27,1.0
0.02,0.02,0.0,0.005,0.1,0.2,0.15,1.0,1.0,6.5,66.91765097562387,79.79200470655442,9.129545657749766,1.250324429051905,1.0024787564435738,0.09878411646977496,false,0.0,9.129545657749766,0.1586929085137662,0.1586929085137662,66.65918414791457,35.61078780821977,102.26997195613434,65.17962494064831,6.808387551777195,100.0,0.08,0.6,0.27,1.0
0.02,0.02,0.0,0.005,0.1,0.2,0.15,1.0,1.0,6.5,66.91765097562387,83.16000392212868,8.638408854582899,1.744831028079438,1.0026220300213078,0.13911368125010326,false,0.0,8.638408854582899,0.15015579936348306,0.15015579936348306,66.1680473447477,32.720132890798226,98.88818023554593,66.91198805270685,-3.2863008995771437,100.0,0.08,0.6,0.27,1.0
0.02,0.02,0.0,0.005,0.1,0.2,0.15,1.0,1.0,6.5,66.91765097562387,86.52800313770295,7.934326730542402,2.193625777500206,1.002803934233867,0.17659401632981098,false,0.0,7.934326730542402,0.13791720126833135,0.13791720126833135,65.46396522070721,29.074814604498442,94.53877982520565,69.24562104751578,-15.813107120417891,100.0,0.08,0.6,0.27,1.0
0.02,0.02,0.0,0.005,0.1,0.2,0.15,1.0,1.0,6.5,66.91765097562387,89.89600235327721,7.024487232743091,2.603177460381889,1.0030326765134192,0.2115087563918773,false,0.0,7.024487232743091,0.12210205760190877,0.12210205760190877,64.5541257229079,24.454339173768815,89.00846489667671,72.5258275129719,-31.009349684532616,100.0,0.08,0.6,0.27,1.0
0.02,0.02,0.0,0.005,0.1,0.2,0.15,1.0,1.0,6.5,66.91765097562387,93.26400156885147,5.588944657838844,2.977839669972417,1.0033179141786865,0.2440168351523171,false,0.0,5.588944657838844,0.09714896190064402,0.09714896190064402,63.11858314800365,18.488496202534414,81.60707935053807,77.34449468149907,-49.870428577275085,100.0,0.08,0.6,0.27,1.0
0.02,0.02,0.0,0.005,0.1,0.2,0.15,1.0,1.0,6.5,66.91765097562387,96.63200078442574,3.947337850987445,3.3215218332554657,1.003670677564473,0.2742762205897216,false,0.0,3.947337850987445,0.0686139867133404,0.0686139867133404,61.47697634115225,10.598947832806981,72.07592417395924,85.29474584713498,-72.4867187823335,100.0,0.08,0.6,0.27,1.0
0.02,0.02,0.0,0.005,0.1,0.2,0.15,1.0,1.0,6.5,66.91765097562387,100.0,2.4703615098348024,3.6378360491915154,1.004103813778137,0.30244997996112133,false,0.0,2.4703615098348024,0.042940675009754015,0.042940675009754015,59.99999999999961,0.0,59.99999999999961,100.0,-100.0,100.0,0.08,0.6,0.27,1.0
0.02,0.02,0.0,0.005,0.1,0.2,0.15,1.0,1.0,6.5,68.25879561640375,53.96886903977027,11.06851000924268,-2.422007050811284,-2.422007050811284,-3.9103013806495266,true,0.0,11.06851000924268,0.1923966550065309,0.1923966550065309,68.59814849940749,42.36424006242063,110.9623885618281,61.8210813488254,34.9100070154184,100.0,0.08,0.6,0.27,1.0
0.02,0.02,0.0,0.005,0.1,0.2,0.15,1.0,1.0,6.5,68.25879561640375,57.256806965500964,11.06851000924268,-2.544824526667751,-2.544824526667751,-4.182750845258197,true,0.0,11.06851000924268,0.1923966550065309,0.1923966550065309,68.59814849940749,41.97473857113478,110.57288707054227,62.03885085829754,33.66962954506925,100.0,0.08,0.6,0.27,1.0
0.02,0.02,0.0,0.005,0.1,0.2,0.15,1.0,1.0,6.5,68.25879561640375,60.54474489123166,11.06851000924268,-2.2827529483131834,-2.2827529483131834,-3.546052540195686,true,0.0,11.06851000924268,0.1923966550065309,0.1923966550065309,68.59814849940749,41.48413217548451,110.08228067489199,62.31534092394002,32.10728091845718,100.0,0.08,0.6,0.27,1.0
0.02,0.02,0.0,0.005,0.1,0.2,0.15,1.0,1.0,6.5,68.25879561640375,63.832682816962354,11.06851000924268,-1.8225859604266608,-1.8225859604266608,-2.485974670495277,true,0.0,11.06851000924268,0.1923966550065309,0.1923966550065309,68.59814849940749,40.85504503233055,109.45319353173804,62.6735011432226,30.103936806272923,100.0,0.08,0.6,0.27,1.0
0.02,0.02,0.0,0.005,0.1,0.2,0.15,1.0,1.0,6.5,68.25879561640375,67.12062074269305,11.057171573224657,-1.275135440388443,-1.275135440388443,-1.3660589965367846,true,0.0,11.057171573224657,0.1921995664046277,0.1921995664046277,68.58681006338946,40.039136728400976,108.62594679179044,63.14035650695291,27.45963338711208,100.0,0.08,0.6,0.27,1.0
0.02,0.02,0.0,0.005,0.1,0.2,0.15,1.0,1.0,6.5,68.25879561640375,70.40855866842375,10.996497958441175,-0.6764678997304026,-0.6764678997304026,-0.4403793925834731,true,0.0,10.996497958441175,0.19114491672533493,0.19114491672533493,68.52613644860598,38.980124824837716,107.5062612734437,63.7415306205364,23.849189220721634,100.0,0.08,0.6,0.27,1.0
0.02,0.02,0.0,0.005,0.1,0.2,0.15,1.0,1.0,6.5,68.25879561640375,73.69649659415444,10.874682309623289,-0.06733470422026197,-0.06733470422026197,-0.005069028697481047,false,0.0,10.874682309623289,0.18902747514192028,0.18902747514192028,68.4043207997881,37.610715311838085,106.01503611162619,64.52322548639542,19.037527484409456,100.0,0.08,0.6,0.27,1.0
0.02,0.02,0.0,0.005,0.1,0.2,0.15,1.0,1.0,6.5,68.25879561640375,76.98443451988513,10.664167347893134,0.5175524238448346,0.5175524238448346,0.042522625775357925,false,0.0,10.664167347893134,0.18536823153714527,0.18536823153714527,68.19380583805794,35.84893148302357,104.04273732108152,65.54403276377492,12.710534622588954,100.0,0.08,0.6,0.27,1.0
0.02,0.02,0.0,0.005,0.1,0.2,0.15,1.0,1.0,6.5,68.25879561640375,77.72301140191084,10.599785784968724,0.6433212102300779,0.6433212102300779,0.05270082021620577,false,0.0,10.599785784968724,0.18424912902556914,0.18424912902556914,68.12942427513353,35.390740114459206,103.52016438959274,65.81270873830145,11.04518606749294,100.0,0.08,0.6,0.27,1.0
0.02,0.02,0.0,0.005,0.1,0.2,0.15,1.0,1.0,6.5,68.25879561640375,80.27237244561583,10.314035629932569,1.0583582037953152,1.0021118731897563,0.08678021552502074,false,0.0,10.314035629932569,0.1792821213659433,0.1792821213659433,67.84367412009738,33.609181695110586,101.45285581520795,66.87211865545878,4.518102660839074,100.0,0.08,0.6,0.27,1.0
0.02,0.02,0.0,0.005,0.1,0.2,0.15,1.0,1.0,6.5,68.25879561640375,83.56031037134653,9.769656903874399,1.548886268246952,1.0022105581187202,0.12805325104071918,false,0.0,9.769656903874399,0.1698195427656756,0.1698195427656756,67.2992953940392,30.790615929996974,98.08991132403618,68.60980348092947,-5.841123911487955,100.0,0.08,0.6,0.27,1.0
0.02,0.02,0.0,0.005,0.1,0.2,0.15,1.0,1.0,6.5,68.25879561640375,86.84824829707722,8.984849114773816,1.9949214929591568,1.0023350256772934,0.16653411122205264,false,0.0,8.984849114773816,0.1561777433437176,0.1561777433437176,66.51448760493862,27.27027994012338,93.78476754506201,70.92248490457635,-18.560959681938904,100.0,0.08,0.6,0.27,1.0
0.02,0.02,0.0,0.005,0.1,0.2,0.15,1.0,1.0,6.5,68.25879561640375,90.13618622280791,7.955119836455857,2.402904528369905,1.0024906296881133,0.20252262319729858,false,0.0,7.955119836455857,0.13827863420028016,0.13827863420028016,65.48475832662066,22.853203585161086,88.33796191178175,74.12980434393164,-33.78808179463759,100.0,0.08,0.6,0.27,1.0
0.02,0.02,0.0,0.005,0.1,0.2,0.15,1.0,1.0,6.5,68.25879561640375,93.42412414853861,6.306734375940202,2.7772436964276106,1.0026835274172239,0.23619429266216763,false,0.0,6.306734375940202,0.10962583011917228,0.10962583011917228,63.83637286610501,17.21037442397951,81.04674729008451,78.76487953010661,-52.409711668969216,100.0,0.08,0.6,0.27,1.0
0.02,0.02,0.0,0.005,0.1,0.2,0.15,1.0,1.0,6.5,68.25879561640375,96.71206207426931,4.371431093955877,3.121476852824549,1.002920848298714,0.2676855634641516,false,0.0,4.371431093955877,0.07598572159815,0.07598572159815,61.901069584120684,9.824742273773348,71.72581185789403,86.30236170315018,-74.21255093901932,100.0,0.08,0.6,0.27,1.0
0.02,0.02,0.0,0.005,0.1,0.2,0.15,1.0,1.0,6.5,68.25879561640375,100.0,2.4703615098348024,3.438898178802694,1.003210812086364,0.2971404009910989,false,0.0,2.4703615098348024,0.042940675009754015,0.042940675009754015,59.99999999999961,6.0245266683043284e-18,59.99999999999961,100.0,-100.0,100.0,0.08,0.6,0.27,1.0
0.02,0.02,0.0,0.005,0.1,0.2,0.15,1.0,1.0,6.5,69.59994025718362,55.09030348302756,12.354231757422035,-2.4676516422486903,-2.4676516422486903,-4.14246161255459,true,0.0,12.354231757422035,0.21474551347187934,0.21474551347187934,69.88387024758684,40.5681571541674,110.45202740175424,63.2707899452074,34.70574568406069,100.0,0.08,0.6,0.27,1.0
0.02,0.02,0.0,0.005,0.1,0.2,0.15,1.0,1.0,6.5,69.59994025718362,58.29813894852559,12.354231757422035,-2.5794614175771544,-2.5794614175771544,-4.390648889327254,true,0.0,12.354231757422035,0.21474551347187934,0.21474551347187934,69.88387024758684,40.13708311258881,110.02095336017565,63.518691770292136,33.27437304380949,100.0,0.08,0.6,0.27,1.0
0.02,0.02,0.0,0.005,0.1,0.2,0.15,1.0,1.0,6.5,69.59994025718362,61.505974414023626,12.354231757422035,-2.3360841734496254,-2.3360841734496254,-3.7751217272494544,true,0.0,12.354231757422035,0.21474551347187934,0.21474551347187934,69.88387024758684,39.60148649033902,109.48535673792585,63.82942187864196,31.495935287520858,100.0,0.08,0.6,0.27,1.0
0.02,0.02,0.0,0.005,0.1,0.2,0.15,1.0,1.0,6.5,69.59994025718362,64.71380987952166,12.352629193022587,-1.902597660819776,-1.902597660819776,-2.736876168241441,true,0.0,12.352629193022587,0.21471765714527088,0.21471765714527088,69.8822676831874,38.923960997697684,108.80622868088508,64.22634855596664,29.239348395327823,100.0,0.08,0.6,0.27,1.0
0.02,0.02,0.0,0.005,0.1,0.2,0.15,1.0,1.0,6.5,69.59994025718362,67.92164534501968,12.322407511483071,-1.3837626553907192,-1.3837626553907192,-1.6138595018566058,true,0.0,12.322407511483071,0.21419233346285835,0.21419233346285835,69.85204600164788,38.05950857741107,107.91155457905896,64.73083097924639,26.24242620076771,100.0,0.08,0.6,0.27,1.0
0.02,0.02,0.0,0.005,0.1,0.2,0.15,1.0,1.0,6.5,69.59994025718362,71.12948081051772,12.248330437879765,-0.8156177219228417,-0.8156177219228417,-0.6367920574199669,true,0.0,12.248330437879765,0.2129047002437487,0.2129047002437487,69.77796892804457,36.959198027177685,106.73716695522225,65.37363780445608,22.29223753751619,100.0,0.08,0.6,0.27,1.0
0.02,0.02,0.0,0.005,0.1,0.2,0.15,1.0,1.0,6.5,69.59994025718362,74.33731627601576,12.110507274400412,-0.23103969212266093,-0.23103969212266093,-0.05866485315305846,true,0.0,12.110507274400412,0.21050901052456306,0.21050901052456306,69.64014576456522,35.565023119290416,105.20516888385563,66.19460479308438,17.144907361842243,100.0,0.08,0.6,0.27,1.0
0.02,0.02,0.0,0.005,0.1,0.2,0.15,1.0,1.0,6.5,69.59994025718362,76.50256271098196,11.9644156787488,0.1555160401521203,0.1555160401521203,0.01368331605591111,false,0.0,11.9644156787488,0.20796959606819398,0.20796959606819398,69.4940541689136,34.42132761785595,103.91538178676956,66.87561838680705,12.834815246999076,100.0,0.08,0.6,0.27,1.0
0.02,0.02,0.0,0.005,0.1,0.2,0.15,1.0,1.0,6.5,69.59994025718362,77.54515174151378,11.873558570844672,0.3368256650295731,0.3368256650295731,0.028202215518349852,false,0.0,11.873558570844672,0.20639028651074456,0.20639028651074456,69.40319706100948,33.80412786811416,103.20732492912364,67.2463869290976,10.482549224240788,100.0,0.08,0.6,0.27,1.0
0.02,0.02,0.0,0.005,0.1,0.2,0.15,1.0,1.0,6.5,69.59994025718362,80.75298720701181,11.483808068731442,0.8682858589320636,0.8682858589320636,0.07156773979624927,false,0.0,11.483808068731442,0.1996155089814218,0.1996155089814218,69.01344655889625,31.60005183616853,100.61349839506478,68.59263186328232,1.9798858760812443,100.0,0.08,0.6,0.27,1.0
0.02,0.02,0.0,0.005,0.1,0.2,0.15,1.0,1.0,6.5,69.59994025718362,83.96082267250985,10.881806796119868,1.3542862733258827,1.0023658825749797,0.11229413980907983,false,0.0,10.881806796119868,0.1891513154211843,0.1891513154211843,68.41144528628467,28.86229398858591,97.2737392748706,70.32879150761492,-8.63053327332418,100.0,0.08,0.6,0.27,1.0
0.02,0.02,0.0,0.005,0.1,0.2,0.15,1.0,1.0,6.5,69.59994025718362,87.16865813800787,10.012246935501473,1.797229362024806,1.0024899050973166,0.15032115191376288,false,0.0,10.012246935501473,0.17403632628793858,0.17403632628793858,67.54188542566628,25.47669056148502,93.01857598715131,72.61117976585221,-21.509025106372825,100.0,0.08,0.6,0.27,1.0
0.02,0.02,0.0,0.005,0.1,0.2,0.15,1.0,1.0,6.5,69.59994025718362,90.3764936035059,8.86050912319552,2.2031215147684104,1.00264402533996,0.18592698860988316,false,0.0,8.86050912319552,0.15401642276459465,0.15401642276459465,66.39014761336033,21.270749874860584,87.66089748822091,75.73519039350612,-36.712754253821224,100.0,0.08,0.6,0.27,1.0
0.02,0.02,0.0,0.005,0.1,0.2,0.15,1.0,1.0,6.5,69.59994025718362,93.58432906900394,6.998394091128269,2.576600336450515,1.0028339851826427,0.21931753471908208,false,0.0,6.998394091128269,0.12164849762309397,0.12164849762309397,64.52803258129308,15.954729997170546,80.48276257846362,80.17621477441696,-55.02158138328559,100.0,0.08,0.6,0.27,1.0
0.02,0.02,0.0,0.005,0.1,0.2,0.15,1.0,1.0,6.5,69.59994025718362,96.79216453450196,4.77598913998235,2.9209419941078028,1.0030664972167411,0.25061616166743583,false,0.0,4.77598913998235,0.08301788895820798,0.08301788895820798,62.30562763014716,9.069122628259473,71.37475025840664,87.29365413479495,-75.9403803324425,100.0,0.08,0.6,0.27,1.0
0.02,0.02,0.0,0.005,0.1,0.2,0.15,1.0,1.0,6.5,69.59994025718362,100.0,2.4703615098348024,3.2391466496256105,1.0033491297551316,0.27994846355929154,false,0.0,2.4703615098348024,0.042940675009754015,0.042940675009754015,59.99999999999961,4.303233334503092e-18,59.99999999999961,100.0,-100.0,100.0,0.08,0.6,0.27,1.0
0.02,0.02,0.0,0.005,0.1,0.2,0.15,1.0,1.0,6.5,70.94108489796348,56.21134821717232,13.639953505601646,-2.5114324926052736,-2.5114324926052736,-4.376597616330522,true,0.0,13.639953505601646,0.23709437193723223,0.23709437193723223,71.16959199576645,38.75506868654863,109.92466068231508,64.74397242075489,34.424281060669415,100.0,0.08,0.6,0.27,1.0
0.02,0.02,0.0,0.005,0.1,0.2,0.15,1.0,1.0,6.5,70.94108489796348,59.33910905880287,13.635566877896728,-2.613128658124708,-2.613128658124708,-4.601754590260088,true,0.0,13.635566877896728,0.23701812206290584,0.23701812206290584,71.16520536806154,38.28029878479767,109.4455041528592,65.02341591726532,32.75731377117916,100.0,0.08,0.6,0.27,1.0
0.02,0.02,0.0,0.005,0.1,0.2,0.15,1.0,1.0,6.5,70.94108489796348,62.466869900433416,13.639623723455266,-2.3872985383596195,-2.3872985383596195,-4.007375090238479,true,0.0,13.639623723455266,0.23708863955032636,0.23708863955032636,71.16926221362007,37.697577055939064,108.86683926955914,65.3727642789388,30.75481222595686,100.0,0.08,0.6,0.27,1.0
0.02,0.02,0.0,0.005,0.1,0.2,0.15,1.0,1.0,6.5,70.94108489796348,65.59463074206397,13.626518419475182,-1.9797352915319686,-1.9797352915319686,-2.9938272973708586,true,0.0,13.626518419475182,0.2368608386406731,0.2368608386406731,71.15615690963999,36.97067318991689,108.12683009955688,65.80804860747655,28.175268025476697,100.0,0.08,0.6,0.27,1.0
0.02,0.02,0.0,0.005,0.1,0.2,0.15,1.0,1.0,6.5,70.94108489796348,68.72239158369452,13.586002107828826,-1.4879911913062334,-1.4879911913062334,-1.8731539626449334,true,0.0,13.586002107828826,0.2361565701503838,0.2361565701503838,71.11564059799363,36.05920337477184,107.17484397276547,66.35478808447348,24.839893012365355,100.0,0.08,0.6,0.27,1.0
0.02,0.02,0.0,0.005,0.1,0.2,0.15,1.0,1.0,6.5,70.94108489796348,71.85015242532506,13.492575942908552,-0.9492726861315721,-0.9492726861315721,-0.8585340459341423,true,0.0,13.492575942908552,0.23453260435862508,0.23453260435862508,71.02221443307336,34.92002706791648,105.94224150098984,67.03861786085561,20.506195986804187,100.0,0.08,0.6,0.27,1.0
0.02,0.02,0.0,0.005,0.1,0.2,0.15,1.0,1.0,6.5,70.94108489796348,74.97791326695561,13.336851007523883,-0.3896073230901809,-0.3896073230901809,-0.16535659695606336,true,0.0,13.336851007523883,0.23182573987152613,0.23182573987152613,70.86648949768869,33.503960038252885,104.37044953594157,67.89899805239865,15.00145180099337,100.0,0.08,0.6,0.27,1.0
0.02,0.02,0.0,0.005,0.1,0.2,0.15,1.0,1.0,6.5,70.94108489796348,75.04678724942814,13.332349479240825,-0.3773068622958302,-0.3773068622958302,-0.15542332075636775,true,0.0,13.332349479240825,0.23174749275575765,0.23174749275575765,70.86198796940563,33.46921185129289,104.33119982069852,67.92022721025695,14.864431438050207,100.0,0.08,0.6,0.27,1.0
0.02,0.02,0.0,0.005,0.1,0.2,0.15,1.0,1.0,6.5,70.94108489796348,78.10567410858616,13.069988558782178,0.16002595791300295,0.16002595791300295,0.014119748078008986,false,0.0,13.069988558782178,0.22718704483110227,0.22718704483110227,70.59962704894699,31.748456392054095,102.34808344100108,68.97992094756165,7.986577057747768,100.0,0.08,0.6,0.27,1.0
0.02,0.02,0.0,0.005,0.1,0.2,0.15,1.0,1.0,6.5,70.94108489796348,81.2334349502167,12.63686139266084,0.6802990300664302,0.6802990300664302,0.05645944737143878,false,0.0,12.63686139266084,0.21965827918110806,0.21965827918110806,70.16649988282565,29.585180679440533,99.75168056226619,70.34117068235946,-0.8323510039335513,100.0,0.08,0.6,0.27,1.0
0.02,0.02,0.0,0.005,0.1,0.2,0.15,1.0,1.0,6.5,70.94108489796348,84.36119579184725,11.97271293254854,1.1607878471311406,1.0025297512682674,0.096573672091436,false,0.0,11.97271293254854,0.20811382179283777,0.20811382179283777,69.50235142271335,26.935896165301447,96.43824758801479,72.06928076879635,-11.67877714558574,100.0,0.08,0.6,0.27,1.0
0.02,0.02,0.0,0.005,0.1,0.2,0.15,1.0,1.0,6.5,70.94108489796348,87.48895663347781,11.014460460042876,1.600242595936905,1.0026532116831715,0.13412782207797433,false,0.0,11.014460460042876,0.1914571471177573,0.1914571471177573,68.54409895020768,23.69445871808893,92.23855766829661,74.3117636300237,-24.67404230264334,100.0,0.08,0.6,0.27,1.0
0.02,0.02,0.0,0.005,0.1,0.2,0.15,1.0,1.0,6.5,70.94108489796348,90.61671747510836,9.739504523631773,2.0036663311339478,1.0028057245650772,0.1693317785796643,false,0.0,9.739504523631773,0.16929542370228567,0.16929542370228567,67.26914301379658,19.70783508738781,86.97697810118439,77.34132006234941,-39.78820934723776,100.0,0.08,0.6,0.27,1.0
0.02,0.02,0.0,0.005,0.1,0.2,0.15,1.0,1.0,6.5,70.94108489796348,93.7444783167389,7.663134922583673,2.375715536197237,1.0029926848733597,0.20240376768571589,false,0.0,7.663134922583673,0.13320325181417145,0.13320325181417145,65.19277341274848,14.721946555278299,79.91471996802677,81.57792887071565,-57.70433901599517,100.0,0.08,0.6,0.27,1.0
0.02,0.02,0.0,0.005,0.1,0.2,0.15,1.0,1.0,6.5,70.94108489796348,96.87223915836945,5.160803473235411,2.719676555647696,1.003220297619727,0.23347678499390992,false,0.0,5.160803473235411,0.08970686429948097,0.08970686429948097,62.69044196340022,8.332034314397317,71.02247627779754,88.2684542259448,-77.66782896161945,100.0,0.08,0.6,0.27,1.0
0.02,0.02,0.0,0.005,0.1,0.2,0.15,1.0,1.0,6.5,70.94108489796348,100.0,2.4703615098348024,3.0382621872707753,1.0034956470349568,0.26265876434889074,false,0.0,2.4703615098348024,0.042940675009754015,0.042940675009754015,59.99999999999961,1.7212933338012367e-18,59.99999999999961,100.0,-100.0,100.0,0.08,0.6,0.27,1.0
0.02,0.02,0.0,0.005,0.1,0.2,0.15,1.0,1.0,6.5,72.28222953874335,57.333051322715676,14.924346153344267,-2.5537016878236676,-2.5537016878236676,-4.613289142407143,true,0.0,14.924346153344267,0.2594201275208033,0.2594201275208033,72.45398464350907,36.92294142354336,109.37692606705244,66.2424765887934,34.04095273199961,100.0,0.08,0.6,0.27,1.0
0.02,0.02,0.0,0.005,0.1,0.2,0.15,1.0,1.0,6.5,72.28222953874335,60.38069051395027,14.917369860272125,-2.64597709649096,-2.64597709649096,-4.815985219668893,true,0.0,14.917369860272125,0.25929886319070783,0.25929886319070783,72.44700835043693,36.402366088852915,108.84937443928985,66.55711961931749,32.117653690176255,100.0,0.08,0.6,0.27,1.0
0.02,0.02,0.0,0.005,0.1,0.2,0.15,1.0,1.0,6.5,72.28222953874335,63.428329705184865,14.910433502281556,-2.436541348336263,-2.436541348336263,-4.242682477395044,true,0.0,14.910433502281556,0.2591782930259613,0.2591782930259613,72.44007199244636,35.77091821650403,108.21099020895039,66.94335931365931,29.793220819371946,100.0,0.08,0.6,0.27,1.0
0.02,0.02,0.0,0.005,0.1,0.2,0.15,1.0,1.0,6.5,72.28222953874335,66.47596889641946,14.889633073666609,-2.0540715293542524,-2.0540715293542524,-3.2564002454050436,true,0.0,14.889633073666609,0.25881673280829187,0.25881673280829187,72.41927156383142,34.995134655929846,107.41440621976126,67.42044583448833,26.88256126708466,100.0,0.08,0.6,0.27,1.0
0.02,0.02,0.0,0.005,0.1,0.2,0.15,1.0,1.0,6.5,72.28222953874335,69.52360808765405,14.831536439206992,-1.588202726854474,-1.588202726854474,-2.1425429748686544,true,0.0,14.831536439206992,0.25780687708897343,0.25780687708897343,72.3611749293718,34.03845656864931,106.39963149802111,68.0088585933849,23.154499084774784,100.0,0.08,0.6,0.27,1.0
0.02,0.02,0.0,0.005,0.1,0.2,0.15,1.0,1.0,6.5,72.28222953874335,72.57124727888865,14.72850886581184,-1.0776040558036284,-1.0776040558036284,-1.1024901117490857,true,0.0,14.72850886581184,0.25601601630661747,0.25601601630661747,72.25814735597665,32.86330834699616,105.12145570297281,68.73777277223645,18.461116381411415,100.0,0.08,0.6,0.27,1.0
0.02,0.02,0.0,0.005,0.1,0.2,0.15,1.0,1.0,6.5,72.28222953874335,72.99069805528603,14.709631483012835,-1.0048205436027549,-1.0048205436027549,-0.9743756760335389,true,0.0,14.709631483012835,0.25568788313397056,0.25568788313397056,72.23926997317764,32.68228961777183,104.92155959094947,68.85073978580947,17.728494842153907,100.0,0.08,0.6,0.27,1.0
0.02,0.02,0.0,0.005,0.1,0.2,0.15,1.0,1.0,6.5,72.28222953874335,75.61888647012324,14.551827842164919,-0.5431215126642003,-0.5431215126642003,-0.3174898791532756,true,0.0,14.551827842164919,0.25294488587222186,0.25294488587222186,72.08146633232973,31.428723545477776,103.5101898778075,69.63707284994936,12.57297363676484,100.0,0.08,0.6,0.27,1.0
0.02,0.02,0.0,0.005,0.1,0.2,0.15,1.0,1.0,6.5,72.28222953874335,78.66652566135784,14.251229589969704,-0.012658274067829453,-0.012658274067829453,0.0003464200469829892,false,0.0,14.251229589969704,0.247719783471368,0.247719783471368,71.78086808013451,29.68316628170163,101.46403436183614,70.74513499448784,5.188091419656682,100.0,0.08,0.6,0.27,1.0
0.02,0.02,0.0,0.005,0.1,0.2,0.15,1.0,1.0,6.5,72.28222953874335,81.71416485259243,13.770779171234928,0.4947994586242898,0.4947994586242898,0.04287700402076193,false,0.0,13.770779171234928,0.23936842873763517,0.23936842873763517,71.30041766139973,27.56639505721141,98.86681271861114,72.11764564953738,-3.948445200419337,100.0,0.08,0.6,0.27,1.0
0.02,0.02,0.0,0.005,0.1,0.2,0.15,1.0,1.0,6.5,72.28222953874335,84.76180404382703,13.039851689171307,0.9682876002335081,0.9682876002335081,0.08361307517266545,false,0.0,13.039851689171307,0.2266631953788582,0.2266631953788582,70.56949017933611,25.011916016725166,95.58140619606128,73.83181832937309,-15.013650225101827,100.0,0.08,0.6,0.27,1.0
0.02,0.02,0.0,0.005,0.1,0.2,0.15,1.0,1.0,6.5,72.28222953874335,87.80944323506162,11.989095610370363,1.4037695645969983,1.0022309904901443,0.1219949014379242,false,0.0,11.989095610370363,0.2083985911439371,0.2083985911439371,69.51873410053517,21.923741964719056,91.44247606525423,76.02455345907948,-28.074699925425406,100.0,0.08,0.6,0.27,1.0
0.02,0.02,0.0,0.005,0.1,0.2,0.15,1.0,1.0,6.5,72.28222953874335,90.85708242629622,10.590271769724104,1.8043683773752865,1.0023344908577307,0.15809028282158658,false,0.0,10.590271769724104,0.18408375313421452,0.18408375313421452,68.11991025988891,18.16460218554217,86.28451244543108,78.94801550042946,-43.022110873522045,100.0,0.08,0.6,0.27,1.0
0.02,0.02,0.0,0.005,0.1,0.2,0.15,1.0,1.0,6.5,72.28222953874335,93.90472161753081,8.299961543652962,2.1744576602571977,1.002460664594859,0.19210722851479492,false,0.0,8.299961543652962,0.14427279158154127,0.14427279158154127,65.82960003381777,13.512128965506456,79.34172899932423,82.96970694245704,-60.456626264605795,100.0,0.08,0.6,0.27,1.0
0.02,0.02,0.0,0.005,0.1,0.2,0.15,1.0,1.0,6.5,72.28222953874335,96.9523608087654,5.525558469759929,2.5174966342268355,1.0026134887306775,0.22420361727108704,false,0.0,5.525558469759929,0.09604716133762202,0.09604716133762202,63.055196959924736,7.613252748661909,70.66844970858665,89.2268009556507,-79.39289934661836,100.0,0.08,0.6,0.27,1.0
0.02,0.02,0.0,0.005,0.1,0.2,0.15,1.0,1.0,6.5,72.28222953874335,100.0,2.4703615098348024,2.835994555236411,1.002797451114059,0.2544769983808531,false,0.0,2.4703615098348024,0.042940675009754015,0.042940675009754015,59.99999999999961,2.5819380571626408e-18,59.99999999999961,100.0,-100.0,100.0,0.08,0.6,0.27,1.0
0.02,0.02,0.0,0.005,0.1,0.2,0.15,1.0,1.0,6.5,73.62337417952321,58.454405735063645,16.199704141206276,-2.59419187519845,-2.59419187519845,-4.851328371788672,true,0.0,16.199704141206276,0.28158883953313485,0.28158883953313485,73.72934263137108,35.075283649881975,108.80462628125306,67.76305856773534,33.515058864751104,100.0,0.08,0.6,0.27,1.0
0.02,0.02,0.0,0.005,0.1,0.2,0.15,1.0,1.0,6.5,73.62337417952321,61.4219481825591,16.19599316609777,-2.6778097398260674,-2.6778097398260674,-5.032666708106909,true,0.0,16.19599316609777,0.28152433408505806,0.28152433408505806,73.72563165626258,34.507019810033455,108.23265146629603,68.11773587494616,31.33339442680956,100.0,0.08,0.6,0.27,1.0
0.02,0.02,0.0,0.005,0.1,0.2,0.15,1.0,1.0,6.5,73.62337417952321,64.38949063005455,16.16916358986763,-2.483726859874087,-2.483726859874087,-4.48045502245666,true,0.0,16.16916358986763,0.28105797314599656,0.28105797314599656,73.69880208003244,33.82630815472226,107.52511023475469,68.54101513509653,28.611283248972175,100.0,0.08,0.6,0.27,1.0
0.02,0.02,0.0,0.005,0.1,0.2,0.15,1.0,1.0,6.5,73.62337417952321,67.35703307755,16.143103701881977,-2.125487354181128,-2.125487354181128,-3.5233340359083285,true,0.0,16.143103701881977,0.28060499119322263,0.28060499119322263,73.67274219204678,33.00256688725638,106.67530907930316,69.06260017233976,25.355124821570342,100.0,0.08,0.6,0.27,1.0
0.02,0.02,0.0,0.005,0.1,0.2,0.15,1.0,1.0,6.5,73.62337417952321,68.8521255889478,16.11113585487042,-1.9100336907681301,-1.9100336907681301,-2.9723600556094563,true,0.0,16.11113585487042,0.2800493150608752,0.2800493150608752,73.64077434503523,32.522927025980366,106.16370137101559,69.36530414258931,23.383469043047,100.0,0.08,0.6,0.27,1.0
0.02,0.02,0.0,0.005,0.1,0.2,0.15,1.0,1.0,6.5,73.62337417952321,70.32457552504546,16.073242730729014,-1.68452451208399,-1.68452451208399,-2.4217432330771542,true,0.0,16.073242730729014,0.2793906437197041,0.2793906437197041,73.60288122089382,32.00289586996584,105.60577709085966,69.69588525215659,21.23632180378996,100.0,0.08,0.6,0.27,1.0
0.02,0.02,0.0,0.005,0.1,0.2,0.15,1.0,1.0,6.5,73.62337417952321,73.29211797254092,15.954487093977626,-1.2006065936923283,-1.2006065936923283,-1.3648416148607587,true,0.0,15.954487093977626,0.277326392320459,0.277326392320459,73.48412558414243,30.7951960421808,104.27932162632324,70.46854969719408,16.138715847002306,100.0,0.08,0.6,0.27,1.0
0.02,0.02,0.0,0.005,0.1,0.2,0.15,1.0,1.0,6.5,73.62337417952321,76.25966042003637,15.753398253616375,-0.6914238264372415,-0.6914238264372415,-0.5090946371334958,true,0.0,15.753398253616375,0.2738309968054041,0.2738309968054041,73.28303674378118,29.34602895000681,102.629065693788,71.40573311115791,9.840436087645688,100.0,0.08,0.6,0.27,1.0
0.02,0.02,0.0,0.005,0.1,0.2,0.15,1.0,1.0,6.5,73.62337417952321,79.22720286753182,15.41484881418554,-0.1808133098821655,-0.1808133098821655,-0.039423489917844244,false,0.0,15.41484881418554,0.26794621379066796,0.26794621379066796,72.94448730435035,27.614958429815616,100.55944573416596,72.53867279378491,2.067769849565315,100.0,0.08,0.6,0.27,1.0
0.02,0.02,0.0,0.005,0.1,0.2,0.15,1.0,1.0,6.5,73.62337417952321,82.19474531502728,14.883076895363693,0.3124729054278506,0.3124729054278506,0.027630009300831527,false,0.0,14.883076895363693,0.25870277105787975,0.25870277105787975,72.4127153855285,25.550888536166973,97.96360392169547,73.91797819464628,-7.381647403007873,100.0,0.08,0.6,0.27,1.0
0.02,0.02,0.0,0.005,0.1,0.2,0.15,1.0,1.0,6.5,73.62337417952321,85.16228776252274,14.080722768376297,0.7773013061689605,0.7773013061689605,0.0674875296963109,false,0.0,14.080722768376297,0.2447559751445947,0.2447559751445947,71.6103612585411,23.096720171243003,94.70708142978411,75.61246759740249,-18.64383910770362,100.0,0.08,0.6,0.27,1.0
0.02,0.02,0.0,0.005,0.1,0.2,0.15,1.0,1.0,6.5,73.62337417952321,88.12983021001818,12.933837493037721,1.2081574296801012,1.0023774403977823,0.10529904532099721,false,0.0,12.933837493037721,0.2248204200909219,0.2248204200909219,70.46347598320253,20.169779785420374,90.6332557686229,77.74571859482607,-31.712412151308712,100.0,0.08,0.6,0.27,1.0
0.02,0.02,0.0,0.005,0.1,0.2,0.15,1.0,1.0,6.5,73.62337417952321,91.09737265751363,11.410603467988985,1.6055616792961995,1.0024796910698874,0.140926872149461,false,0.0,11.410603467988985,0.19834304138621914,0.19834304138621914,68.94024195815379,16.645306252662625,85.58554821081641,80.55126525373011,-46.408770376650295,100.0,0.08,0.6,0.27,1.0
0.02,0.02,0.0,0.005,0.1,0.2,0.15,1.0,1.0,6.5,73.62337417952321,94.06491510500909,8.908062909009011,1.9733433919057748,1.00260368646417,0.17454299467325926,false,0.0,8.908062909009011,0.15484301905585454,0.15484301905585454,66.43770139917382,12.329055870586695,78.76675726976052,84.34738676830109,-63.26516244544944,100.0,0.08,0.6,0.27,1.0
0.02,0.02,0.0,0.005,0.1,0.2,0.15,1.0,1.0,6.5,73.62337417952321,97.03245755250455,5.870068208355285,2.31495116859281,1.0027530654893444,0.20631297086752232,false,0.0,5.870068208355285,0.10203554832625664,0.10203554832625664,63.39970669852009,6.914918198442735,70.31462489696283,90.16574687189804,-81.10693228197945,100.0,0.08,0.6,0.27,1.0
0.02,0.02,0.0,0.005,0.1,0.2,0.15,1.0,1.0,6.5,73.62337417952321,100.0,2.4703615098348024,2.632923485380144,1.0029320215121884,0.23634409051234112,false,0.0,2.4703615098348024,0.042940675009754015,0.042940675009754015,59.99999999999961,-8.606460190542136e-19,59.99999999999961,100.0,-100.0,100.0,0.08,0.6,0.27,1.0
